Workbook
Name ACMS: OFFSET('(Fill In) SIAO'!$DC$12,0,0,COUNTA('(Fill In) SIAO'!$DC$12:$DC$335))
Name ATMS: OFFSET('[1](Fill In) SIAO'!$DA$12,0,0,COUNTA('[1](Fill In) SIAO'!$DA$12:$DA$377))
Name Conducts: OFFSET(#REF!,0,0,COUNTA(#REF!),1)
Name EndDate: OFFSET('(Fill In) SIAO'!$G$12,0,0,COUNTA('(Fill In) SIAO'!$G$12:$G$335))
Name Heli: OFFSET('(Fill In) SIAO'!$DG$12,0,0,COUNTA('(Fill In) SIAO'!$DG$12:$DG$335))
Name HLT: OFFSET('(Fill In) SIAO'!$DE$12,0,0,COUNTA('(Fill In) SIAO'!$DE$12:$DE$335))
Name MMR: OFFSET('(Fill In) SIAO'!$DB$12,0,0,COUNTA('(Fill In) SIAO'!$DB$12:$DB$335))
Name Optics: OFFSET('(Fill In) SIAO'!#REF!,0,0,COUNTA('(Fill In) SIAO'!#REF!))
Name PANTES: OFFSET('(Fill In) SIAO'!$DF$12,0,0,COUNTA('(Fill In) SIAO'!$DF$12:$DF$335))
Name POL: OFFSET('(Fill In) SIAO'!$DJ$12,0,0,COUNTA('(Fill In) SIAO'!$DJ$12:$DJ$335))
Name Signals: OFFSET('(Fill In) SIAO'!#REF!,0,0,COUNTA('(Fill In) SIAO'!#REF!))
Name SMARTO: OFFSET(#REF!,0,0,COUNTA(#REF!),COUNTA(#REF!))
Name StartDate: OFFSET('(Fill In) SIAO'!$E$12,0,0,COUNTA('(Fill In) SIAO'!$E$12:$E$335))
Name UO: OFFSET('[1](Fill In) SIAO'!$DB$12,0,0,COUNTA('[1](Fill In) SIAO'!$DB$12:$DB$377))
Name UOCE: OFFSET('(Fill In) SIAO'!$DD$12,0,0,COUNTA('(Fill In) SIAO'!$DD$12:$DD$335))

Sheet (Fill In) SIAO
B1: SMARTO Indenting Assistant @ OCS | L1: Click to expand ->
B2: Wing | C2: TWG | W2: =COLUMN()-$J$8 -> 43
B3: Strength | W3: =COLUMN()*5-210 -> -95
B4: No. of Platoons | W4: =COLUMN()*5-209 -> -94
B5: No. of Sections | W5: =6+$J$7 -> -22
B6: No. of Groups | W6: =COLUMN()+29 -> 52
B7: Month | I7: No. of Columns added since 090118 | J7: -28 | L7: <- Please fill in | W7: =52*5-217 -> 43
J8: =8+J7 -> -20 | W8: =COLUMN()*5-72 -> 43 | BF8: =-9+$J$7 -> -37 | CE8: -7 | CP8: -6
B9: S/N | C9: Exercise | D9: FILL IN THE COLUMNS BELOW | L9: General Details | M9: Medic | Q9: Medic | R9: Ammo | V9: Ammo | BN9: Ammo | BO9: Ration (RDA) | BP9: Ration | BQ9: Transport | DA9: Transport | DQ9: Others
R10: General | V10: General | W10: Conventional Arms | AR10: Conventional Arms | AS10: Demolition | BI10: Demolition | BJ10: Others | BM10: Others | BQ10: Start: Date / Timing | BR10: End: Date / Timing | BS10: LUV (HQ) | BT10: MB290 (HQ) | BU10: LUV (PLC) | BV10: SOUV | BW10: 5-Ton | BX10: GP Car | BY10: Other Vehicles (Boats, Trailers, F550) | BZ10: TO | CA10: Reporting Venue | CB10: Destination Venue | CC10: Parkover | CD10: Remarks | CE10: Indent ID | CF10: Military Transport | CG10: Date/Timing | CI10: Venue | CK10: 20 - seater | CL10: 40 - seater | CM10: 15 Ton Lorry | CN10: 1 way / 2 way / Disposal | CO10: POC + Contact Number | CP10: Indent ID | CQ10: Civilian Transport | CR10: RPL | CV10: Fast Craft | CZ10: Sea Transport | DB10: Stores | DK10: Stores | DL10: ICCT Instructors | DM10: SOC Key | DN10: Link Bridge Key | DO10: M1 Gate Key | DP10: Others
D11: Remarks (E.g. Tying in with Another Exercise?) | E11: Start Date | F11: Start Time | G11: End Date | H11: End Time | I11: Conducting Officer | J11: Contact No. | K11: Area to Book | M11: Start: Date / Timing | N11: End: Date / Timing | O11: Reporting Venue | P11: No. Required | R11: Collection Date/Timing | S11: Return Date/Timing | T11: Ammo Collection Base | U11: Remarks (E.g no. of rounds for demonstration) | W11: 5.56MM BLANK | X11: 5.56MM LIVE | Y11: 5.56MM TRACER | Z11: 7.62MM BLANK | AA11: 7.62MM LIVE | AB11: 40MM TP | AC11: 40MM ILLUM | AD11: 40MM HEDP | AE11: MATADOR SUBCAL | AF11: MATADOR HEAT | AG11: 5.56MM MMR RED | AH11: 5.56MM MMR BLUE | AI11: CTG SIG 16MM GREEN | AJ11: CTG SIG 16MM ILLUM | AK11: CTG SIG 16MM RED | AL11: FLARE SURFACE TRIPWIRE MK2 | AM11: DIRECTIONAL FRAGMENTATION CHARGE M18A1 (CLAYMORE) | AN11: SIM THUNFLASH NON-ELEC | AO11: THUNDERFLASH, ELECTRIC | AP11: GRENADE HAND SMOKE SCREENING N452 | AQ11: DEMO KIT BANGALORE TORPEDO NO 21 | AS11: BOOSTER DEMOLITION CHARGE, PETN, NO. 1 | AT11: CHARGE DEMOLITION TNT FLAKES | AU11: CHGE DEMO BLK NO 3 0.5KG | AV11: CORD DETONATING, PETN (6000-7000 M/SEC) | AW11: DEMO KIT PROJECTED LINE CHGE | AX11: DETONATOR,NON-ELEC NO.8 | AY11: DETONATOR ELECTRIC,NO. 8 | AZ11: FDD NO.41, W/STAINLESS STL, INNER TUBE | BA11: FUSE BLASTING, INSTANTANEOUS,30 M/SEC | BB11: FUSE BLASTING TIME SAFETY, 15.24M/EA | BC11: IGN TIME BLAST FUSE NE | BD11: MATCH SAFETY 1.9 INCH | BE11: PLASTIC EXPLOSIVE, PETN, 125GM IN M2A1 BOX | BF11: RKT HAND FIRED 38MM ILLUM 400M | BG11: RKT HAND FIRED PARACHUTE SIGNAL RED | BH11: SIMULATOR FLASH ARTILLERY, TNT | BJ11: PELLET RIOT CONTROL AGENT SMOKE CS | BK11: SIGNAL, SMOKE: MARINE MK9 | BL11: CARTRIDGE 9MM LUGER, SINTOX, BALL - 8G | CG11: From | CH11: To | CI11: From | CJ11: To | CR11: Date / Time | CS11: From | CT11: To | CU11: Vehicle Details (with Authorised Troops) | CV11: Date / Time | CW11: From | CX11: To | CY11: Vehicle Details (with Authorised Troops) | DB11: MMR WCK + PPE | DC11: ACMS | DD11: UOCE | DE11: Heartlanders Tools | DF11: PANTES | DG11: Heli Belts | DH11: ALFRE | DI11: iPETS | DJ11: POL
B12: EG | C12: DEMO LIVE FIRING | D12: Route March (8km) | E12: 43377 | F12: 800 | G12: 43378 | H12: 1000 | I12: LTA Tan Ah Kow | J12: 91234567 | K12: =VLOOKUP($C12,SMARTO,COLUMN()-9) -> #REF! | M12: =IF(Q12="Y",TEXT($E12,"ddmmyy")&" "&TEXT($F12,"0000"),"-") -> #REF! | N12: =IF(Q12="Y",TEXT($G12,"ddmmyy")&" "&TEXT($H12,"0000"),"-") -> #REF! | O12: =IF(VLOOKUP($C12,SMARTO,COLUMN()-$J$8)="-","-",$K12) -> #REF! | P12: =VLOOKUP($C12,SMARTO,COLUMN()-$J$8) -> #REF! | Q12: =VLOOKUP($C12,SMARTO,COLUMN()-$J$8) -> #REF! | R12: =IF($BN12="Y",TEXT(E12,"ddmmyy")&" 0600","-") -> #REF! | S12: =IF($BN12="Y",TEXT(G12,"ddmmyy")&" 2359","-") -> #REF! | T12: =VLOOKUP($C12,SMARTO,COLUMN()-$J$8) -> #REF! | U12: =VLOOKUP($C12,SMARTO,COLUMN()-$J$8) -> #REF! | V12: =IF(SUM(R12:U12)>0,"Y","") -> #REF! | W12: =IFERROR(VLOOKUP($C12,SMARTO,COLUMN()*5-72)*$C$3+VLOOKUP($C12,SMARTO,COLUMN()*5-71)*$C$6+VLOOKUP($C12,SMARTO,COLUMN()*5-70)*$C$5+VLOOKUP($C12,SMARTO,COLUMN()*5-69)*$C$4+VLOOKUP($C12,SMARTO,COLUMN()*5-68),"-") -> - | X12: =IFERROR(VLOOKUP($C12,SMARTO,COLUMN()*5-72)*$C$3+VLOOKUP($C12,SMARTO,COLUMN()*5-71)*$C$6+VLOOKUP($C12,SMARTO,COLUMN()*5-70)*$C$5+VLOOKUP($C12,SMARTO,COLUMN()*5-69)*$C$4+VLOOKUP($C12,SMARTO,COLUMN()*5-68),"-") -> - | Y12: =IFERROR(VLOOKUP($C12,SMARTO,COLUMN()*5-72)*$C$3+VLOOKUP($C12,SMARTO,COLUMN()*5-71)*$C$6+VLOOKUP($C12,SMARTO,COLUMN()*5-70)*$C$5+VLOOKUP($C12,SMARTO,COLUMN()*5-69)*$C$4+VLOOKUP($C12,SMARTO,COLUMN()*5-68),"-") -> - | Z12: =IFERROR(VLOOKUP($C12,SMARTO,COLUMN()*5-72)*$C$3+VLOOKUP($C12,SMARTO,COLUMN()*5-71)*$C$6+VLOOKUP($C12,SMARTO,COLUMN()*5-70)*$C$5+VLOOKUP($C12,SMARTO,COLUMN()*5-69)*$C$4+VLOOKUP($C12,SMARTO,COLUMN()*5-68),"-") -> - | AA12: =IFERROR(VLOOKUP($C12,SMARTO,COLUMN()*5-72)*$C$3+VLOOKUP($C12,SMARTO,COLUMN()*5-71)*$C$6+VLOOKUP($C12,SMARTO,COLUMN()*5-70)*$C$5+VLOOKUP($C12,SMARTO,COLUMN()*5-69)*$C$4+VLOOKUP($C12,SMARTO,COLUMN()*5-68),"-") -> - | AB12: =IFERROR(VLOOKUP($C12,SMARTO,COLUMN()*5-72)*$C$3+VLOOKUP($C12,SMARTO,COLUMN()*5-71)*$C$6+VLOOKUP($C12,SMARTO,COLUMN()*5-70)*$C$5+VLOOKUP($C12,SMARTO,COLUMN()*5-69)*$C$4+VLOOKUP($C12,SMARTO,COLUMN()*5-68),"-") -> - | AC12: =IFERROR(VLOOKUP($C12,SMARTO,COLUMN()*5-72)*$C$3+VLOOKUP($C12,SMARTO,COLUMN()*5-71)*$C$6+VLOOKUP($C12,SMARTO,COLUMN()*5-70)*$C$5+VLOOKUP($C12,SMARTO,COLUMN()*5-69)*$C$4+VLOOKUP($C12,SMARTO,COLUMN()*5-68),"-") -> - | AD12: =IFERROR(VLOOKUP($C12,SMARTO,COLUMN()*5-72)*$C$3+VLOOKUP($C12,SMARTO,COLUMN()*5-71)*$C$6+VLOOKUP($C12,SMARTO,COLUMN()*5-70)*$C$5+VLOOKUP($C12,SMARTO,COLUMN()*5-69)*$C$4+VLOOKUP($C12,SMARTO,COLUMN()*5-68),"-") -> - | ... AQ12: =IFERROR(VLOOKUP($C12,SMARTO,COLUMN()*5-72)*$C$3+VLOOKUP($C12,SMARTO,COLUMN()*5-71)*$C$6+VLOOKUP($C12,SMARTO,COLUMN()*5-70)*$C$5+VLOOKUP($C12,SMARTO,COLUMN()*5-69)*$C$4+VLOOKUP($C12,SMARTO,COLUMN()*5-68),"-") -> - | AR12: =IF(SUM(W12:AQ12)>0,"Y","") | AS12: =IFERROR(VLOOKUP($C12,SMARTO,COLUMN()-$J$8+84),"-") -> - | AT12: =IFERROR(VLOOKUP($C12,SMARTO,COLUMN()-$J$8+84),"-") -> - | AU12: =IFERROR(VLOOKUP($C12,SMARTO,COLUMN()-$J$8+84),"-") -> - | AV12: =IFERROR(VLOOKUP($C12,SMARTO,COLUMN()-$J$8+84),"-") -> - | AW12: =IFERROR(VLOOKUP($C12,SMARTO,COLUMN()-$J$8+84),"-") -> - | AX12: =IFERROR(VLOOKUP($C12,SMARTO,COLUMN()-$J$8+84),"-") -> - | AY12: =IFERROR(VLOOKUP($C12,SMARTO,COLUMN()-$J$8+84),"-") -> - | AZ12: =IFERROR(VLOOKUP($C12,SMARTO,COLUMN()-$J$8+84),"-") -> - | ... BE12: =IFERROR(VLOOKUP($C12,SMARTO,COLUMN()-$J$8+84),"-") -> - | BF12: =IFERROR(VLOOKUP($C12,SMARTO,COLUMN()-$J$8+84)*$C$5,"-") -> - | BG12: =IFERROR(VLOOKUP($C12,SMARTO,COLUMN()-$J$8+84),"-") -> - | BH12: =VLOOKUP($C12,SMARTO,COLUMN()-$J$8+84) -> #REF! | BI12: =IF(SUM(AS12:BH12)>0,"Y","") -> #REF! | BJ12: =IFERROR(VLOOKUP($C12,SMARTO,COLUMN()-$J$8+84),"-") -> - | BK12: =IFERROR(VLOOKUP($C12,SMARTO,COLUMN()-$J$8+84),"-") -> - | BL12: =IFERROR(VLOOKUP($C12,SMARTO,COLUMN()-$J$8+84)*$C$3,"-") -> - | BM12: =IF(SUM(BJ12:BL12)>0,"Y","") | BN12: =VLOOKUP($C12,SMARTO,COLUMN()-$J$8+84) -> #REF! | BO12: =VLOOKUP($C12,SMARTO,COLUMN()-$J$8+84) -> #REF! | BP12: =VLOOKUP($C12,SMARTO,COLUMN()-$J$8+84) -> #REF! | BQ12: =IF(SUM($BU12:$BZ12)>0,TEXT($E12,"ddmmyy")&" "&TEXT($F12,"0000"),"-") -> #REF! | BR12: =IF(SUM($BU12:$BZ12)>0,TEXT($G12,"ddmmyy")&" "&TEXT($H12,"0000"),"-") -> #REF! | BU12: =VLOOKUP($C12,SMARTO,COLUMN()-$J$8+84) -> #REF! | BV12: =VLOOKUP($C12,SMARTO,COLUMN()-$J$8+84) -> #REF! | BW12: =VLOOKUP($C12,SMARTO,COLUMN()-$J$8+84) -> #REF! | BX12: =VLOOKUP($C12,SMARTO,COLUMN()-$J$8+84) -> #REF! | BY12: =VLOOKUP($C12,SMARTO,COLUMN()-$J$8+84) -> #REF! | BZ12: =IF(SUM(BU12:BW12)=0,"-",SUM(BU12:BW12)) -> #REF! | CA12: =VLOOKUP($C12,SMARTO,COLUMN()-$J$8+84) -> #REF! | CB12: =IF(VLOOKUP($C12,SMARTO,COLUMN()-$J$8+84)="-","-",$K12) -> #REF! | CC12: =IF(VLOOKUP($C12,SMARTO,COLUMN()-$J$8+84)="-","-",E12-1) -> #REF! | CD12: =VLOOKUP($C12,SMARTO,COLUMN()-$J$8+84) -> #REF! | CE12: =VLOOKUP($C12,SMARTO,COLUMN()-$J$8+84) -> #REF! | CF12: =IF(SUM(BQ12:CD12)>0,"Y","") -> #REF! | CG12: =IF(SUM($CK12:$CM12)=0,"-",TEXT($E12,"ddmmyy")&" "&TEXT($F12,"0000")) -> #REF! | CH12: =IF(SUM($CK12:$CM12)=0,"-",TEXT($G12,"ddmmyy")&" "&TEXT($H12,"0000")) -> #REF! | CI12: =VLOOKUP($C12,SMARTO,COLUMN()-$J$8+84) -> #REF! | CJ12: =IF(VLOOKUP($C12,SMARTO,COLUMN()-$J$8+84)="-","-",$K12) -> #REF! | CK12: =VLOOKUP($C12,SMARTO,COLUMN()-$J$8+84) -> #REF! | CL12: =VLOOKUP($C12,SMARTO,COLUMN()-$J$8+84) -> #REF! | CM12: =VLOOKUP($C12,SMARTO,COLUMN()-$J$8+84) -> #REF! | CN12: =VLOOKUP($C12,SMARTO,COLUMN()-$J$8+84) -> #REF! | CO12: =IF(SUM($CG12:$CN12)=0,"-",I12&" "&J12) -> #REF! | CP12: =VLOOKUP($C12,SMARTO,COLUMN()-$J$8+84) -> #REF! | CQ12: =IF(SUM(CG12:CO12)>0,"Y","") -> #REF! | CR12: =IF(VLOOKUP($C12,SMARTO,COLUMN()-$J$8+84)="-","-",TEXT($E12,"ddmmyy")&" "&TEXT($F12,"0000")&" / "&TEXT($G12,"ddmmyy")&" "&TEXT($H12,"0000")) -> #REF! | CS12: =VLOOKUP($C12,SMARTO,COLUMN()-$J$8+84) -> #REF! | CT12: =VLOOKUP($C12,SMARTO,COLUMN()-$J$8+84) -> #REF! | CU12: =VLOOKUP($C12,SMARTO,COLUMN()-$J$8+84) -> #REF! | CV12: =IF(VLOOKUP($C12,SMARTO,COLUMN()-$J$8+84)="-","-",TEXT($E12,"ddmmyy")&" "&TEXT($F12,"0000")&" / "&TEXT($G12,"ddmmyy")&" "&TEXT($H12,"0000")) -> #REF! | CW12: =VLOOKUP($C12,SMARTO,COLUMN()-$J$8+84) -> #REF! | CX12: =VLOOKUP($C12,SMARTO,COLUMN()-$J$8+84) -> #REF! | CY12: =IF(VLOOKUP($C12,SMARTO,COLUMN()-$J$8+84)="-","-",$C$3+20) -> #REF! | CZ12: =IF(CX12="-","","Y") -> #REF! | DA12: =VLOOKUP($C12,SMARTO,COLUMN()-$J$8+84) -> #REF! | DB12: =VLOOKUP($C12,SMARTO,COLUMN()-$J$8+84) -> #REF! | DC12: =VLOOKUP($C12,SMARTO,COLUMN()-$J$8+84) -> #REF! | DD12: =VLOOKUP($C12,SMARTO,COLUMN()-$J$8+84) -> #REF! | DE12: =VLOOKUP($C12,SMARTO,COLUMN()-$J$8+84) -> #REF! | DF12: =VLOOKUP($C12,SMARTO,COLUMN()-$J$8+84) -> #REF! | DG12: =VLOOKUP($C12,SMARTO,COLUMN()-$J$8+84) -> #REF! | DH12: =VLOOKUP($C12,SMARTO,COLUMN()-$J$8+84) -> #REF! | ... DJ12: =VLOOKUP($C12,SMARTO,COLUMN()-$J$8+84) -> #REF! | DK12: {=IF(OR(DB12:DJ12="Y"),"Y","")} -> #REF! | DL12: =VLOOKUP($C12,SMARTO,COLUMN()-$J$8+84) -> #REF! | DM12: =VLOOKUP($C12,SMARTO,COLUMN()-$J$8+84) -> #REF! | DN12: =VLOOKUP($C12,SMARTO,COLUMN()-$J$8+84) -> #REF! | DO12: =VLOOKUP($C12,SMARTO,COLUMN()-$J$8+84) -> #REF! | DP12: =VLOOKUP($C12,SMARTO,COLUMN()-$J$8+84) -> #REF! | DQ12: =VLOOKUP($C12,SMARTO,COLUMN()-$J$8+84) -> #REF!

Sheet (Fill In) CE & Signals 
A1: 46266 | AK1: 46296 | BU1: 46327
C2: {=IF((C$48>=$AN$11:$AN$74)*(C$48<=$AO$11:$AO$74),$AM$11:$AM$74,"")} | D2: {=IF((D$48>=$AN$11:$AN$74)*(D$48<=$AO$11:$AO$74),$AM$11:$AM$74,"")} -> 46265 | E2: {=IF((E$48>=$AN$11:$AN$74)*(E$48<=$AO$11:$AO$74),$AM$11:$AM$74,"")} -> 46265 | F2: {=IF((F$48>=$AN$11:$AN$74)*(F$48<=$AO$11:$AO$74),$AM$11:$AM$74,"")} | G2: {=IF((G$48>=$AN$11:$AN$74)*(G$48<=$AO$11:$AO$74),$AM$11:$AM$74,"")} | H2: {=IF((H$48>=$AN$11:$AN$74)*(H$48<=$AO$11:$AO$74),$AM$11:$AM$74,"")} | I2: {=IF((I$48>=$AN$11:$AN$74)*(I$48<=$AO$11:$AO$74),$AM$11:$AM$74,"")} | J2: {=IF((J$48>=$AN$11:$AN$74)*(J$48<=$AO$11:$AO$74),$AM$11:$AM$74,"")} | ... AI2: {=IF((AI$48>=$AN$11:$AN$74)*(AI$48<=$AO$11:$AO$74),$AM$11:$AM$74,"")} | AM2: {=IF((AM$48>=$AN$11:$AN$74)*(AM$48<=$AO$11:$AO$74),$AM$11:$AM$74,"")} | AN2: {=IF((AN$48>=$AN$11:$AN$74)*(AN$48<=$AO$11:$AO$74),$AM$11:$AM$74,"")} -> 46265 | AO2: {=IF((AO$48>=$AN$11:$AN$74)*(AO$48<=$AO$11:$AO$74),$AM$11:$AM$74,"")} -> 46265 | AP2: {=IF((AP$48>=$AN$11:$AN$74)*(AP$48<=$AO$11:$AO$74),$AM$11:$AM$74,"")} | AQ2: {=IF((AQ$48>=$AN$11:$AN$74)*(AQ$48<=$AO$11:$AO$74),$AM$11:$AM$74,"")} | AR2: {=IF((AR$48>=$AN$11:$AN$74)*(AR$48<=$AO$11:$AO$74),$AM$11:$AM$74,"")} | AS2: {=IF((AS$48>=$AN$11:$AN$74)*(AS$48<=$AO$11:$AO$74),$AM$11:$AM$74,"")} | AT2: {=IF((AT$48>=$AN$11:$AN$74)*(AT$48<=$AO$11:$AO$74),$AM$11:$AM$74,"")} | ... BS2: {=IF((BS$48>=$AN$11:$AN$74)*(BS$48<=$AO$11:$AO$74),$AM$11:$AM$74,"")} | BW2: {=IF((BW$48>=$AN$11:$AN$74)*(BW$48<=$AO$11:$AO$74),$AM$11:$AM$74,"")} | BX2: {=IF((BX$48>=$AN$11:$AN$74)*(BX$48<=$AO$11:$AO$74),$AM$11:$AM$74,"")} -> 46265 | BY2: {=IF((BY$48>=$AN$11:$AN$74)*(BY$48<=$AO$11:$AO$74),$AM$11:$AM$74,"")} -> 46265 | BZ2: {=IF((BZ$48>=$AN$11:$AN$74)*(BZ$48<=$AO$11:$AO$74),$AM$11:$AM$74,"")} | CA2: {=IF((CA$48>=$AN$11:$AN$74)*(CA$48<=$AO$11:$AO$74),$AM$11:$AM$74,"")} | CB2: {=IF((CB$48>=$AN$11:$AN$74)*(CB$48<=$AO$11:$AO$74),$AM$11:$AM$74,"")} | CC2: {=IF((CC$48>=$AN$11:$AN$74)*(CC$48<=$AO$11:$AO$74),$AM$11:$AM$74,"")} | CD2: {=IF((CD$48>=$AN$11:$AN$74)*(CD$48<=$AO$11:$AO$74),$AM$11:$AM$74,"")} | ... DC2: {=IF((DC$48>=$AN$11:$AN$74)*(DC$48<=$AO$11:$AO$74),$AM$11:$AM$74,"")}
A10: Signals | AK10: Signals | BU10: Signals
B11: Default | C11: =EOMONTH($A$1,-1) -> 46265 | D11: =C11+1 -> 46266 | E11: =D11+1 -> 46267 | F11: =E11+1 -> 46268 | G11: =F11+1 -> 46269 | H11: =G11+1 -> 46270 | I11: =H11+1 -> 46271 | J11: =I11+1 -> 46272 | K11: =J11+1 -> 46273 | ... AI11: =AH11+1 -> 46297 | AL11: Default | AM11: =EOMONTH($A$1,-1) -> 46265 | AN11: =AM11+1 -> 46266 | AO11: =AN11+1 -> 46267 | AP11: =AO11+1 -> 46268 | AQ11: =AP11+1 -> 46269 | AR11: =AQ11+1 -> 46270 | AS11: =AR11+1 -> 46271 | AT11: =AS11+1 -> 46272 | AU11: =AT11+1 -> 46273 | ... BS11: =BR11+1 -> 46297 | BV11: Default | BW11: =EOMONTH($A$1,-1) -> 46265 | BX11: =BW11+1 -> 46266 | BY11: =BX11+1 -> 46267 | BZ11: =BY11+1 -> 46268 | CA11: =BZ11+1 -> 46269 | CB11: =CA11+1 -> 46270 | CC11: =CB11+1 -> 46271 | CD11: =CC11+1 -> 46272 | CE11: =CD11+1 -> 46273 | ... DC11: =DB11+1 -> 46297
A12: PRC 650 | AK12: PRC 650 | BU12: PRC 650
A13: PRC 940 | AK13: PRC 940 | BU13: PRC 940
A14: DIPOLE | AK14: DIPOLE | BU14: DIPOLE
A15: AM78 | AK15: AM78 | BU15: AM78
A16: VRC 947 | AK16: VRC 947 | BU16: VRC 947
A17: TA427 | AK17: TA427 | BU17: TA427
A18: SB22 | AK18: SB22 | BU18: SB22
A19: RL11 + D10 | AK19: RL11 + D10 | BU19: RL11 + D10
A20: WALKIE TALKIE | AK20: WALKIE TALKIE | BU20: WALKIE TALKIE
A21: MCN | AK21: MCN | BU21: MCN
A31: Optics | AK31: Optics | BU31: Optics
B32: Default | C32: =EOMONTH($A$1,-1) -> 46265 | D32: =C32+1 -> 46266 | E32: =D32+1 -> 46267 | F32: =E32+1 -> 46268 | G32: =F32+1 -> 46269 | H32: =G32+1 -> 46270 | I32: =H32+1 -> 46271 | J32: =I32+1 -> 46272 | K32: =J32+1 -> 46273 | ... AI32: =AH32+1 -> 46297 | AL32: Default | AM32: =EOMONTH($A$1,-1) -> 46265 | AN32: =AM32+1 -> 46266 | AO32: =AN32+1 -> 46267 | AP32: =AO32+1 -> 46268 | AQ32: =AP32+1 -> 46269 | AR32: =AQ32+1 -> 46270 | AS32: =AR32+1 -> 46271 | AT32: =AS32+1 -> 46272 | AU32: =AT32+1 -> 46273 | ... BS32: =BR32+1 -> 46297 | BV32: Default | BW32: =EOMONTH($A$1,-1) -> 46265 | BX32: =BW32+1 -> 46266 | BY32: =BX32+1 -> 46267 | BZ32: =BY32+1 -> 46268 | CA32: =BZ32+1 -> 46269 | CB32: =CA32+1 -> 46270 | CC32: =CB32+1 -> 46271 | CD32: =CC32+1 -> 46272 | CE32: =CD32+1 -> 46273 | ... DC32: =DB32+1 -> 46297
A33: BINOCULAR: 8 X 30, SWAROVSKI | AK33: BINOCULAR: 8 X 30, SWAROVSKI | BU33: BINOCULAR: 8 X 30, SWAROVSKI
A34: BINOCULAR: 8 X MAGN, 30 MM | AK34: BINOCULAR: 8 X MAGN, 30 MM | BU34: BINOCULAR: 8 X MAGN, 30 MM
A35: READER, MAP, BETALIGHT | AK35: READER, MAP, BETALIGHT | BU35: READER, MAP, BETALIGHT
A36: COMPASS MAGNETIC | AK36: COMPASS MAGNETIC | BU36: COMPASS MAGNETIC
A37: LASER AIMING DEVICE, VISIBLE | AK37: LASER AIMING DEVICE, VISIBLE | BU37: LASER AIMING DEVICE, VISIBLE
A38: LASER AIMING DEVICE, IR | AK38: LASER AIMING DEVICE, IR | BU38: LASER AIMING DEVICE, IR
A39: LMG BORELIGHT | AK39: LMG BORELIGHT | BU39: LMG BORELIGHT
A40: XTREK GPS | AK40: XTREK GPS | BU40: XTREK GPS
A41: IN-REACH GPS | AK41: IN-REACH GPS | BU41: IN-REACH GPS
A42: NVG | AK42: NVG | BU42: NVG
A43: UTWS | AK43: UTWS | BU43: UTWS
A44: NIGHTHAWK | AK44: NIGHTHAWK | BU44: NIGHTHAWK
... A47: ACMS | AK47: ACMS | BU47: ACMS
B48: Default | C48: =EOMONTH($A$1,-1) -> 46265 | D48: =C48+1 -> 46266 | E48: =D48+1 -> 46267 | F48: =E48+1 -> 46268 | G48: =F48+1 -> 46269 | H48: =G48+1 -> 46270 | I48: =H48+1 -> 46271 | J48: =I48+1 -> 46272 | K48: =J48+1 -> 46273 | ... AI48: =AH48+1 -> 46297 | AL48: Default | AM48: =EOMONTH($A$1,-1) -> 46265 | AN48: =AM48+1 -> 46266 | AO48: =AN48+1 -> 46267 | AP48: =AO48+1 -> 46268 | AQ48: =AP48+1 -> 46269 | AR48: =AQ48+1 -> 46270 | AS48: =AR48+1 -> 46271 | AT48: =AS48+1 -> 46272 | AU48: =AT48+1 -> 46273 | ... BS48: =BR48+1 -> 46297 | BV48: Default | BW48: =EOMONTH($A$1,-1) -> 46265 | BX48: =BW48+1 -> 46266 | BY48: =BX48+1 -> 46267 | BZ48: =BY48+1 -> 46268 | CA48: =BZ48+1 -> 46269 | CB48: =CA48+1 -> 46270 | CC48: =CB48+1 -> 46271 | CD48: =CC48+1 -> 46272 | CE48: =CD48+1 -> 46273 | ... DC48: =DB48+1 -> 46297
A49: Basic Fighting System | B49: 12 | C49: {=IF(OR((C$48>=$AS$11:$AS$74)*(C$48<=$AT$11:$AT$74)>0),$B49,"")} | D49: {=IF(OR((D$48>=$AS$11:$AS$74)*(D$48<=$AT$11:$AT$74)>0),$B49,"")} | E49: {=IF(OR((E$48>=$AS$11:$AS$74)*(E$48<=$AT$11:$AT$74)>0),$B49,"")} | F49: {=IF(OR((F$48>=$AS$11:$AS$74)*(F$48<=$AT$11:$AT$74)>0),$B49,"")} | G49: {=IF(OR((G$48>=$AS$11:$AS$74)*(G$48<=$AT$11:$AT$74)>0),$B49,"")} | H49: {=IF(OR((H$48>=$AS$11:$AS$74)*(H$48<=$AT$11:$AT$74)>0),$B49,"")} | I49: {=IF(OR((I$48>=$AS$11:$AS$74)*(I$48<=$AT$11:$AT$74)>0),$B49,"")} | J49: {=IF(OR((J$48>=$AS$11:$AS$74)*(J$48<=$AT$11:$AT$74)>0),$B49,"")} | ... AI49: {=IF(OR((AI$48>=$AS$11:$AS$74)*(AI$48<=$AT$11:$AT$74)>0),$B49,"")} | AK49: Basic Fighting System | AL49: 12 | AM49: {=IF(OR((AM$48>=$AS$11:$AS$74)*(AM$48<=$AT$11:$AT$74)>0),$B49,"")} | AN49: {=IF(OR((AN$48>=$AS$11:$AS$74)*(AN$48<=$AT$11:$AT$74)>0),$B49,"")} | AO49: {=IF(OR((AO$48>=$AS$11:$AS$74)*(AO$48<=$AT$11:$AT$74)>0),$B49,"")} | AP49: {=IF(OR((AP$48>=$AS$11:$AS$74)*(AP$48<=$AT$11:$AT$74)>0),$B49,"")} | AQ49: {=IF(OR((AQ$48>=$AS$11:$AS$74)*(AQ$48<=$AT$11:$AT$74)>0),$B49,"")} | AR49: {=IF(OR((AR$48>=$AS$11:$AS$74)*(AR$48<=$AT$11:$AT$74)>0),$B49,"")} | AS49: {=IF(OR((AS$48>=$AS$11:$AS$74)*(AS$48<=$AT$11:$AT$74)>0),$B49,"")} | AT49: {=IF(OR((AT$48>=$AS$11:$AS$74)*(AT$48<=$AT$11:$AT$74)>0),$B49,"")} | ... BS49: {=IF(OR((BS$48>=$AS$11:$AS$74)*(BS$48<=$AT$11:$AT$74)>0),$B49,"")} | BU49: Basic Fighting System | BV49: 12 | BW49: {=IF(OR((BW$48>=$AS$11:$AS$74)*(BW$48<=$AT$11:$AT$74)>0),$B49,"")} | BX49: {=IF(OR((BX$48>=$AS$11:$AS$74)*(BX$48<=$AT$11:$AT$74)>0),$B49,"")} | BY49: {=IF(OR((BY$48>=$AS$11:$AS$74)*(BY$48<=$AT$11:$AT$74)>0),$B49,"")} | BZ49: {=IF(OR((BZ$48>=$AS$11:$AS$74)*(BZ$48<=$AT$11:$AT$74)>0),$B49,"")} | CA49: {=IF(OR((CA$48>=$AS$11:$AS$74)*(CA$48<=$AT$11:$AT$74)>0),$B49,"")} | CB49: {=IF(OR((CB$48>=$AS$11:$AS$74)*(CB$48<=$AT$11:$AT$74)>0),$B49,"")} | CC49: {=IF(OR((CC$48>=$AS$11:$AS$74)*(CC$48<=$AT$11:$AT$74)>0),$B49,"")} | CD49: {=IF(OR((CD$48>=$AS$11:$AS$74)*(CD$48<=$AT$11:$AT$74)>0),$B49,"")} | ... DC49: {=IF(OR((DC$48>=$AS$11:$AS$74)*(DC$48<=$AT$11:$AT$74)>0),$B49,"")}
A50: Commander Enhancement Addon | B50: 12 | C50: {=IF(OR((C$48>=$AS$11:$AS$74)*(C$48<=$AT$11:$AT$74)>0),$B50,"")} | D50: {=IF(OR((D$48>=$AS$11:$AS$74)*(D$48<=$AT$11:$AT$74)>0),$B50,"")} | E50: {=IF(OR((E$48>=$AS$11:$AS$74)*(E$48<=$AT$11:$AT$74)>0),$B50,"")} | F50: {=IF(OR((F$48>=$AS$11:$AS$74)*(F$48<=$AT$11:$AT$74)>0),$B50,"")} | G50: {=IF(OR((G$48>=$AS$11:$AS$74)*(G$48<=$AT$11:$AT$74)>0),$B50,"")} | H50: {=IF(OR((H$48>=$AS$11:$AS$74)*(H$48<=$AT$11:$AT$74)>0),$B50,"")} | I50: {=IF(OR((I$48>=$AS$11:$AS$74)*(I$48<=$AT$11:$AT$74)>0),$B50,"")} | J50: {=IF(OR((J$48>=$AS$11:$AS$74)*(J$48<=$AT$11:$AT$74)>0),$B50,"")} | ... AI50: {=IF(OR((AI$48>=$AS$11:$AS$74)*(AI$48<=$AT$11:$AT$74)>0),$B50,"")} | AK50: Commander Enhancement Addon | AL50: 12 | AM50: {=IF(OR((AM$48>=$AS$11:$AS$74)*(AM$48<=$AT$11:$AT$74)>0),$B50,"")} | AN50: {=IF(OR((AN$48>=$AS$11:$AS$74)*(AN$48<=$AT$11:$AT$74)>0),$B50,"")} | AO50: {=IF(OR((AO$48>=$AS$11:$AS$74)*(AO$48<=$AT$11:$AT$74)>0),$B50,"")} | AP50: {=IF(OR((AP$48>=$AS$11:$AS$74)*(AP$48<=$AT$11:$AT$74)>0),$B50,"")} | AQ50: {=IF(OR((AQ$48>=$AS$11:$AS$74)*(AQ$48<=$AT$11:$AT$74)>0),$B50,"")} | AR50: {=IF(OR((AR$48>=$AS$11:$AS$74)*(AR$48<=$AT$11:$AT$74)>0),$B50,"")} | AS50: {=IF(OR((AS$48>=$AS$11:$AS$74)*(AS$48<=$AT$11:$AT$74)>0),$B50,"")} | AT50: {=IF(OR((AT$48>=$AS$11:$AS$74)*(AT$48<=$AT$11:$AT$74)>0),$B50,"")} | ... BS50: {=IF(OR((BS$48>=$AS$11:$AS$74)*(BS$48<=$AT$11:$AT$74)>0),$B50,"")} | BU50: Commander Enhancement Addon | BV50: 12 | BW50: {=IF(OR((BW$48>=$AS$11:$AS$74)*(BW$48<=$AT$11:$AT$74)>0),$B50,"")} | BX50: {=IF(OR((BX$48>=$AS$11:$AS$74)*(BX$48<=$AT$11:$AT$74)>0),$B50,"")} | BY50: {=IF(OR((BY$48>=$AS$11:$AS$74)*(BY$48<=$AT$11:$AT$74)>0),$B50,"")} | BZ50: {=IF(OR((BZ$48>=$AS$11:$AS$74)*(BZ$48<=$AT$11:$AT$74)>0),$B50,"")} | CA50: {=IF(OR((CA$48>=$AS$11:$AS$74)*(CA$48<=$AT$11:$AT$74)>0),$B50,"")} | CB50: {=IF(OR((CB$48>=$AS$11:$AS$74)*(CB$48<=$AT$11:$AT$74)>0),$B50,"")} | CC50: {=IF(OR((CC$48>=$AS$11:$AS$74)*(CC$48<=$AT$11:$AT$74)>0),$B50,"")} | CD50: {=IF(OR((CD$48>=$AS$11:$AS$74)*(CD$48<=$AT$11:$AT$74)>0),$B50,"")} | ... DC50: {=IF(OR((DC$48>=$AS$11:$AS$74)*(DC$48<=$AT$11:$AT$74)>0),$B50,"")}
A51: SAR21 MMS | B51: 12 | C51: {=IF(OR((C$48>=$AS$11:$AS$74)*(C$48<=$AT$11:$AT$74)>0),$B51,"")} | D51: {=IF(OR((D$48>=$AS$11:$AS$74)*(D$48<=$AT$11:$AT$74)>0),$B51,"")} | E51: {=IF(OR((E$48>=$AS$11:$AS$74)*(E$48<=$AT$11:$AT$74)>0),$B51,"")} | F51: {=IF(OR((F$48>=$AS$11:$AS$74)*(F$48<=$AT$11:$AT$74)>0),$B51,"")} | G51: {=IF(OR((G$48>=$AS$11:$AS$74)*(G$48<=$AT$11:$AT$74)>0),$B51,"")} | H51: {=IF(OR((H$48>=$AS$11:$AS$74)*(H$48<=$AT$11:$AT$74)>0),$B51,"")} | I51: {=IF(OR((I$48>=$AS$11:$AS$74)*(I$48<=$AT$11:$AT$74)>0),$B51,"")} | J51: {=IF(OR((J$48>=$AS$11:$AS$74)*(J$48<=$AT$11:$AT$74)>0),$B51,"")} | ... AI51: {=IF(OR((AI$48>=$AS$11:$AS$74)*(AI$48<=$AT$11:$AT$74)>0),$B51,"")} | AK51: SAR21 MMS | AL51: 12 | AM51: {=IF(OR((AM$48>=$AS$11:$AS$74)*(AM$48<=$AT$11:$AT$74)>0),$B51,"")} | AN51: {=IF(OR((AN$48>=$AS$11:$AS$74)*(AN$48<=$AT$11:$AT$74)>0),$B51,"")} | AO51: {=IF(OR((AO$48>=$AS$11:$AS$74)*(AO$48<=$AT$11:$AT$74)>0),$B51,"")} | AP51: {=IF(OR((AP$48>=$AS$11:$AS$74)*(AP$48<=$AT$11:$AT$74)>0),$B51,"")} | AQ51: {=IF(OR((AQ$48>=$AS$11:$AS$74)*(AQ$48<=$AT$11:$AT$74)>0),$B51,"")} | AR51: {=IF(OR((AR$48>=$AS$11:$AS$74)*(AR$48<=$AT$11:$AT$74)>0),$B51,"")} | AS51: {=IF(OR((AS$48>=$AS$11:$AS$74)*(AS$48<=$AT$11:$AT$74)>0),$B51,"")} | AT51: {=IF(OR((AT$48>=$AS$11:$AS$74)*(AT$48<=$AT$11:$AT$74)>0),$B51,"")} | ... BS51: {=IF(OR((BS$48>=$AS$11:$AS$74)*(BS$48<=$AT$11:$AT$74)>0),$B51,"")} | BU51: SAR21 MMS | BV51: 12 | BW51: {=IF(OR((BW$48>=$AS$11:$AS$74)*(BW$48<=$AT$11:$AT$74)>0),$B51,"")} | BX51: {=IF(OR((BX$48>=$AS$11:$AS$74)*(BX$48<=$AT$11:$AT$74)>0),$B51,"")} | BY51: {=IF(OR((BY$48>=$AS$11:$AS$74)*(BY$48<=$AT$11:$AT$74)>0),$B51,"")} | BZ51: {=IF(OR((BZ$48>=$AS$11:$AS$74)*(BZ$48<=$AT$11:$AT$74)>0),$B51,"")} | CA51: {=IF(OR((CA$48>=$AS$11:$AS$74)*(CA$48<=$AT$11:$AT$74)>0),$B51,"")} | CB51: {=IF(OR((CB$48>=$AS$11:$AS$74)*(CB$48<=$AT$11:$AT$74)>0),$B51,"")} | CC51: {=IF(OR((CC$48>=$AS$11:$AS$74)*(CC$48<=$AT$11:$AT$74)>0),$B51,"")} | CD51: {=IF(OR((CD$48>=$AS$11:$AS$74)*(CD$48<=$AT$11:$AT$74)>0),$B51,"")} | ... DC51: {=IF(OR((DC$48>=$AS$11:$AS$74)*(DC$48<=$AT$11:$AT$74)>0),$B51,"")}
A52: UMPC | B52: 12 | C52: {=IF(OR((C$48>=$AS$11:$AS$74)*(C$48<=$AT$11:$AT$74)>0),$B52,"")} | D52: {=IF(OR((D$48>=$AS$11:$AS$74)*(D$48<=$AT$11:$AT$74)>0),$B52,"")} | E52: {=IF(OR((E$48>=$AS$11:$AS$74)*(E$48<=$AT$11:$AT$74)>0),$B52,"")} | F52: {=IF(OR((F$48>=$AS$11:$AS$74)*(F$48<=$AT$11:$AT$74)>0),$B52,"")} | G52: {=IF(OR((G$48>=$AS$11:$AS$74)*(G$48<=$AT$11:$AT$74)>0),$B52,"")} | H52: {=IF(OR((H$48>=$AS$11:$AS$74)*(H$48<=$AT$11:$AT$74)>0),$B52,"")} | I52: {=IF(OR((I$48>=$AS$11:$AS$74)*(I$48<=$AT$11:$AT$74)>0),$B52,"")} | J52: {=IF(OR((J$48>=$AS$11:$AS$74)*(J$48<=$AT$11:$AT$74)>0),$B52,"")} | ... AI52: {=IF(OR((AI$48>=$AS$11:$AS$74)*(AI$48<=$AT$11:$AT$74)>0),$B52,"")} | AK52: UMPC | AL52: 12 | AM52: {=IF(OR((AM$48>=$AS$11:$AS$74)*(AM$48<=$AT$11:$AT$74)>0),$B52,"")} | AN52: {=IF(OR((AN$48>=$AS$11:$AS$74)*(AN$48<=$AT$11:$AT$74)>0),$B52,"")} | AO52: {=IF(OR((AO$48>=$AS$11:$AS$74)*(AO$48<=$AT$11:$AT$74)>0),$B52,"")} | AP52: {=IF(OR((AP$48>=$AS$11:$AS$74)*(AP$48<=$AT$11:$AT$74)>0),$B52,"")} | AQ52: {=IF(OR((AQ$48>=$AS$11:$AS$74)*(AQ$48<=$AT$11:$AT$74)>0),$B52,"")} | AR52: {=IF(OR((AR$48>=$AS$11:$AS$74)*(AR$48<=$AT$11:$AT$74)>0),$B52,"")} | AS52: {=IF(OR((AS$48>=$AS$11:$AS$74)*(AS$48<=$AT$11:$AT$74)>0),$B52,"")} | AT52: {=IF(OR((AT$48>=$AS$11:$AS$74)*(AT$48<=$AT$11:$AT$74)>0),$B52,"")} | ... BS52: {=IF(OR((BS$48>=$AS$11:$AS$74)*(BS$48<=$AT$11:$AT$74)>0),$B52,"")} | BU52: UMPC | BV52: 12 | BW52: {=IF(OR((BW$48>=$AS$11:$AS$74)*(BW$48<=$AT$11:$AT$74)>0),$B52,"")} | BX52: {=IF(OR((BX$48>=$AS$11:$AS$74)*(BX$48<=$AT$11:$AT$74)>0),$B52,"")} | BY52: {=IF(OR((BY$48>=$AS$11:$AS$74)*(BY$48<=$AT$11:$AT$74)>0),$B52,"")} | BZ52: {=IF(OR((BZ$48>=$AS$11:$AS$74)*(BZ$48<=$AT$11:$AT$74)>0),$B52,"")} | CA52: {=IF(OR((CA$48>=$AS$11:$AS$74)*(CA$48<=$AT$11:$AT$74)>0),$B52,"")} | CB52: {=IF(OR((CB$48>=$AS$11:$AS$74)*(CB$48<=$AT$11:$AT$74)>0),$B52,"")} | CC52: {=IF(OR((CC$48>=$AS$11:$AS$74)*(CC$48<=$AT$11:$AT$74)>0),$B52,"")} | CD52: {=IF(OR((CD$48>=$AS$11:$AS$74)*(CD$48<=$AT$11:$AT$74)>0),$B52,"")} | ... DC52: {=IF(OR((DC$48>=$AS$11:$AS$74)*(DC$48<=$AT$11:$AT$74)>0),$B52,"")}
A53: IMS/HHPC | B53: 4 | C53: {=IF(OR((C$48>=$AS$11:$AS$74)*(C$48<=$AT$11:$AT$74)>0),$B53,"")} | D53: {=IF(OR((D$48>=$AS$11:$AS$74)*(D$48<=$AT$11:$AT$74)>0),$B53,"")} | E53: {=IF(OR((E$48>=$AS$11:$AS$74)*(E$48<=$AT$11:$AT$74)>0),$B53,"")} | F53: {=IF(OR((F$48>=$AS$11:$AS$74)*(F$48<=$AT$11:$AT$74)>0),$B53,"")} | G53: {=IF(OR((G$48>=$AS$11:$AS$74)*(G$48<=$AT$11:$AT$74)>0),$B53,"")} | H53: {=IF(OR((H$48>=$AS$11:$AS$74)*(H$48<=$AT$11:$AT$74)>0),$B53,"")} | I53: {=IF(OR((I$48>=$AS$11:$AS$74)*(I$48<=$AT$11:$AT$74)>0),$B53,"")} | J53: {=IF(OR((J$48>=$AS$11:$AS$74)*(J$48<=$AT$11:$AT$74)>0),$B53,"")} | ... AI53: {=IF(OR((AI$48>=$AS$11:$AS$74)*(AI$48<=$AT$11:$AT$74)>0),$B53,"")} | AK53: IMS/HHPC | AL53: 4 | AM53: {=IF(OR((AM$48>=$AS$11:$AS$74)*(AM$48<=$AT$11:$AT$74)>0),$B53,"")} | AN53: {=IF(OR((AN$48>=$AS$11:$AS$74)*(AN$48<=$AT$11:$AT$74)>0),$B53,"")} | AO53: {=IF(OR((AO$48>=$AS$11:$AS$74)*(AO$48<=$AT$11:$AT$74)>0),$B53,"")} | AP53: {=IF(OR((AP$48>=$AS$11:$AS$74)*(AP$48<=$AT$11:$AT$74)>0),$B53,"")} | AQ53: {=IF(OR((AQ$48>=$AS$11:$AS$74)*(AQ$48<=$AT$11:$AT$74)>0),$B53,"")} | AR53: {=IF(OR((AR$48>=$AS$11:$AS$74)*(AR$48<=$AT$11:$AT$74)>0),$B53,"")} | AS53: {=IF(OR((AS$48>=$AS$11:$AS$74)*(AS$48<=$AT$11:$AT$74)>0),$B53,"")} | AT53: {=IF(OR((AT$48>=$AS$11:$AS$74)*(AT$48<=$AT$11:$AT$74)>0),$B53,"")} | ... BS53: {=IF(OR((BS$48>=$AS$11:$AS$74)*(BS$48<=$AT$11:$AT$74)>0),$B53,"")} | BU53: IMS/HHPC | BV53: 4 | BW53: {=IF(OR((BW$48>=$AS$11:$AS$74)*(BW$48<=$AT$11:$AT$74)>0),$B53,"")} | BX53: {=IF(OR((BX$48>=$AS$11:$AS$74)*(BX$48<=$AT$11:$AT$74)>0),$B53,"")} | BY53: {=IF(OR((BY$48>=$AS$11:$AS$74)*(BY$48<=$AT$11:$AT$74)>0),$B53,"")} | BZ53: {=IF(OR((BZ$48>=$AS$11:$AS$74)*(BZ$48<=$AT$11:$AT$74)>0),$B53,"")} | CA53: {=IF(OR((CA$48>=$AS$11:$AS$74)*(CA$48<=$AT$11:$AT$74)>0),$B53,"")} | CB53: {=IF(OR((CB$48>=$AS$11:$AS$74)*(CB$48<=$AT$11:$AT$74)>0),$B53,"")} | CC53: {=IF(OR((CC$48>=$AS$11:$AS$74)*(CC$48<=$AT$11:$AT$74)>0),$B53,"")} | CD53: {=IF(OR((CD$48>=$AS$11:$AS$74)*(CD$48<=$AT$11:$AT$74)>0),$B53,"")} | ... DC53: {=IF(OR((DC$48>=$AS$11:$AS$74)*(DC$48<=$AT$11:$AT$74)>0),$B53,"")}
A54: HHPC JUNCTION BOX BATTERY | B54: 4 | C54: {=IF(OR((C$48>=$AS$11:$AS$74)*(C$48<=$AT$11:$AT$74)>0),$B54,"")} | D54: {=IF(OR((D$48>=$AS$11:$AS$74)*(D$48<=$AT$11:$AT$74)>0),$B54,"")} | E54: {=IF(OR((E$48>=$AS$11:$AS$74)*(E$48<=$AT$11:$AT$74)>0),$B54,"")} | F54: {=IF(OR((F$48>=$AS$11:$AS$74)*(F$48<=$AT$11:$AT$74)>0),$B54,"")} | G54: {=IF(OR((G$48>=$AS$11:$AS$74)*(G$48<=$AT$11:$AT$74)>0),$B54,"")} | H54: {=IF(OR((H$48>=$AS$11:$AS$74)*(H$48<=$AT$11:$AT$74)>0),$B54,"")} | I54: {=IF(OR((I$48>=$AS$11:$AS$74)*(I$48<=$AT$11:$AT$74)>0),$B54,"")} | J54: {=IF(OR((J$48>=$AS$11:$AS$74)*(J$48<=$AT$11:$AT$74)>0),$B54,"")} | ... AI54: {=IF(OR((AI$48>=$AS$11:$AS$74)*(AI$48<=$AT$11:$AT$74)>0),$B54,"")} | AK54: HHPC JUNCTION BOX BATTERY | AL54: 4 | AM54: {=IF(OR((AM$48>=$AS$11:$AS$74)*(AM$48<=$AT$11:$AT$74)>0),$B54,"")} | AN54: {=IF(OR((AN$48>=$AS$11:$AS$74)*(AN$48<=$AT$11:$AT$74)>0),$B54,"")} | AO54: {=IF(OR((AO$48>=$AS$11:$AS$74)*(AO$48<=$AT$11:$AT$74)>0),$B54,"")} | AP54: {=IF(OR((AP$48>=$AS$11:$AS$74)*(AP$48<=$AT$11:$AT$74)>0),$B54,"")} | AQ54: {=IF(OR((AQ$48>=$AS$11:$AS$74)*(AQ$48<=$AT$11:$AT$74)>0),$B54,"")} | AR54: {=IF(OR((AR$48>=$AS$11:$AS$74)*(AR$48<=$AT$11:$AT$74)>0),$B54,"")} | AS54: {=IF(OR((AS$48>=$AS$11:$AS$74)*(AS$48<=$AT$11:$AT$74)>0),$B54,"")} | AT54: {=IF(OR((AT$48>=$AS$11:$AS$74)*(AT$48<=$AT$11:$AT$74)>0),$B54,"")} | ... BS54: {=IF(OR((BS$48>=$AS$11:$AS$74)*(BS$48<=$AT$11:$AT$74)>0),$B54,"")} | BU54: HHPC JUNCTION BOX BATTERY | BV54: 4 | BW54: {=IF(OR((BW$48>=$AS$11:$AS$74)*(BW$48<=$AT$11:$AT$74)>0),$B54,"")} | BX54: {=IF(OR((BX$48>=$AS$11:$AS$74)*(BX$48<=$AT$11:$AT$74)>0),$B54,"")} | BY54: {=IF(OR((BY$48>=$AS$11:$AS$74)*(BY$48<=$AT$11:$AT$74)>0),$B54,"")} | BZ54: {=IF(OR((BZ$48>=$AS$11:$AS$74)*(BZ$48<=$AT$11:$AT$74)>0),$B54,"")} | CA54: {=IF(OR((CA$48>=$AS$11:$AS$74)*(CA$48<=$AT$11:$AT$74)>0),$B54,"")} | CB54: {=IF(OR((CB$48>=$AS$11:$AS$74)*(CB$48<=$AT$11:$AT$74)>0),$B54,"")} | CC54: {=IF(OR((CC$48>=$AS$11:$AS$74)*(CC$48<=$AT$11:$AT$74)>0),$B54,"")} | CD54: {=IF(OR((CD$48>=$AS$11:$AS$74)*(CD$48<=$AT$11:$AT$74)>0),$B54,"")} | ... DC54: {=IF(OR((DC$48>=$AS$11:$AS$74)*(DC$48<=$AT$11:$AT$74)>0),$B54,"")}
A55: HHPC BATT | B55: 8 | C55: {=IF(OR((C$48>=$AS$11:$AS$74)*(C$48<=$AT$11:$AT$74)>0),$B55,"")} | D55: {=IF(OR((D$48>=$AS$11:$AS$74)*(D$48<=$AT$11:$AT$74)>0),$B55,"")} | E55: {=IF(OR((E$48>=$AS$11:$AS$74)*(E$48<=$AT$11:$AT$74)>0),$B55,"")} | F55: {=IF(OR((F$48>=$AS$11:$AS$74)*(F$48<=$AT$11:$AT$74)>0),$B55,"")} | G55: {=IF(OR((G$48>=$AS$11:$AS$74)*(G$48<=$AT$11:$AT$74)>0),$B55,"")} | H55: {=IF(OR((H$48>=$AS$11:$AS$74)*(H$48<=$AT$11:$AT$74)>0),$B55,"")} | I55: {=IF(OR((I$48>=$AS$11:$AS$74)*(I$48<=$AT$11:$AT$74)>0),$B55,"")} | J55: {=IF(OR((J$48>=$AS$11:$AS$74)*(J$48<=$AT$11:$AT$74)>0),$B55,"")} | ... AI55: {=IF(OR((AI$48>=$AS$11:$AS$74)*(AI$48<=$AT$11:$AT$74)>0),$B55,"")} | AK55: HHPC BATT | AL55: 8 | AM55: {=IF(OR((AM$48>=$AS$11:$AS$74)*(AM$48<=$AT$11:$AT$74)>0),$B55,"")} | AN55: {=IF(OR((AN$48>=$AS$11:$AS$74)*(AN$48<=$AT$11:$AT$74)>0),$B55,"")} | AO55: {=IF(OR((AO$48>=$AS$11:$AS$74)*(AO$48<=$AT$11:$AT$74)>0),$B55,"")} | AP55: {=IF(OR((AP$48>=$AS$11:$AS$74)*(AP$48<=$AT$11:$AT$74)>0),$B55,"")} | AQ55: {=IF(OR((AQ$48>=$AS$11:$AS$74)*(AQ$48<=$AT$11:$AT$74)>0),$B55,"")} | AR55: {=IF(OR((AR$48>=$AS$11:$AS$74)*(AR$48<=$AT$11:$AT$74)>0),$B55,"")} | AS55: {=IF(OR((AS$48>=$AS$11:$AS$74)*(AS$48<=$AT$11:$AT$74)>0),$B55,"")} | AT55: {=IF(OR((AT$48>=$AS$11:$AS$74)*(AT$48<=$AT$11:$AT$74)>0),$B55,"")} | ... BS55: {=IF(OR((BS$48>=$AS$11:$AS$74)*(BS$48<=$AT$11:$AT$74)>0),$B55,"")} | BU55: HHPC BATT | BV55: 8 | BW55: {=IF(OR((BW$48>=$AS$11:$AS$74)*(BW$48<=$AT$11:$AT$74)>0),$B55,"")} | BX55: {=IF(OR((BX$48>=$AS$11:$AS$74)*(BX$48<=$AT$11:$AT$74)>0),$B55,"")} | BY55: {=IF(OR((BY$48>=$AS$11:$AS$74)*(BY$48<=$AT$11:$AT$74)>0),$B55,"")} | BZ55: {=IF(OR((BZ$48>=$AS$11:$AS$74)*(BZ$48<=$AT$11:$AT$74)>0),$B55,"")} | CA55: {=IF(OR((CA$48>=$AS$11:$AS$74)*(CA$48<=$AT$11:$AT$74)>0),$B55,"")} | CB55: {=IF(OR((CB$48>=$AS$11:$AS$74)*(CB$48<=$AT$11:$AT$74)>0),$B55,"")} | CC55: {=IF(OR((CC$48>=$AS$11:$AS$74)*(CC$48<=$AT$11:$AT$74)>0),$B55,"")} | CD55: {=IF(OR((CD$48>=$AS$11:$AS$74)*(CD$48<=$AT$11:$AT$74)>0),$B55,"")} | ... DC55: {=IF(OR((DC$48>=$AS$11:$AS$74)*(DC$48<=$AT$11:$AT$74)>0),$B55,"")}
A56: UMPC BATT | B56: 24 | C56: {=IF(OR((C$48>=$AS$11:$AS$74)*(C$48<=$AT$11:$AT$74)>0),$B56,"")} | D56: {=IF(OR((D$48>=$AS$11:$AS$74)*(D$48<=$AT$11:$AT$74)>0),$B56,"")} | E56: {=IF(OR((E$48>=$AS$11:$AS$74)*(E$48<=$AT$11:$AT$74)>0),$B56,"")} | F56: {=IF(OR((F$48>=$AS$11:$AS$74)*(F$48<=$AT$11:$AT$74)>0),$B56,"")} | G56: {=IF(OR((G$48>=$AS$11:$AS$74)*(G$48<=$AT$11:$AT$74)>0),$B56,"")} | H56: {=IF(OR((H$48>=$AS$11:$AS$74)*(H$48<=$AT$11:$AT$74)>0),$B56,"")} | I56: {=IF(OR((I$48>=$AS$11:$AS$74)*(I$48<=$AT$11:$AT$74)>0),$B56,"")} | J56: {=IF(OR((J$48>=$AS$11:$AS$74)*(J$48<=$AT$11:$AT$74)>0),$B56,"")} | ... AI56: {=IF(OR((AI$48>=$AS$11:$AS$74)*(AI$48<=$AT$11:$AT$74)>0),$B56,"")} | AK56: UMPC BATT | AL56: 24 | AM56: {=IF(OR((AM$48>=$AS$11:$AS$74)*(AM$48<=$AT$11:$AT$74)>0),$B56,"")} | AN56: {=IF(OR((AN$48>=$AS$11:$AS$74)*(AN$48<=$AT$11:$AT$74)>0),$B56,"")} | AO56: {=IF(OR((AO$48>=$AS$11:$AS$74)*(AO$48<=$AT$11:$AT$74)>0),$B56,"")} | AP56: {=IF(OR((AP$48>=$AS$11:$AS$74)*(AP$48<=$AT$11:$AT$74)>0),$B56,"")} | AQ56: {=IF(OR((AQ$48>=$AS$11:$AS$74)*(AQ$48<=$AT$11:$AT$74)>0),$B56,"")} | AR56: {=IF(OR((AR$48>=$AS$11:$AS$74)*(AR$48<=$AT$11:$AT$74)>0),$B56,"")} | AS56: {=IF(OR((AS$48>=$AS$11:$AS$74)*(AS$48<=$AT$11:$AT$74)>0),$B56,"")} | AT56: {=IF(OR((AT$48>=$AS$11:$AS$74)*(AT$48<=$AT$11:$AT$74)>0),$B56,"")} | ... BS56: {=IF(OR((BS$48>=$AS$11:$AS$74)*(BS$48<=$AT$11:$AT$74)>0),$B56,"")} | BU56: UMPC BATT | BV56: 24 | BW56: {=IF(OR((BW$48>=$AS$11:$AS$74)*(BW$48<=$AT$11:$AT$74)>0),$B56,"")} | BX56: {=IF(OR((BX$48>=$AS$11:$AS$74)*(BX$48<=$AT$11:$AT$74)>0),$B56,"")} | BY56: {=IF(OR((BY$48>=$AS$11:$AS$74)*(BY$48<=$AT$11:$AT$74)>0),$B56,"")} | BZ56: {=IF(OR((BZ$48>=$AS$11:$AS$74)*(BZ$48<=$AT$11:$AT$74)>0),$B56,"")} | CA56: {=IF(OR((CA$48>=$AS$11:$AS$74)*(CA$48<=$AT$11:$AT$74)>0),$B56,"")} | CB56: {=IF(OR((CB$48>=$AS$11:$AS$74)*(CB$48<=$AT$11:$AT$74)>0),$B56,"")} | CC56: {=IF(OR((CC$48>=$AS$11:$AS$74)*(CC$48<=$AT$11:$AT$74)>0),$B56,"")} | CD56: {=IF(OR((CD$48>=$AS$11:$AS$74)*(CD$48<=$AT$11:$AT$74)>0),$B56,"")} | ... DC56: {=IF(OR((DC$48>=$AS$11:$AS$74)*(DC$48<=$AT$11:$AT$74)>0),$B56,"")}
A57: BFS/CEA BATT | B57: 24 | C57: {=IF(OR((C$48>=$AS$11:$AS$74)*(C$48<=$AT$11:$AT$74)>0),$B57,"")} | D57: {=IF(OR((D$48>=$AS$11:$AS$74)*(D$48<=$AT$11:$AT$74)>0),$B57,"")} | E57: {=IF(OR((E$48>=$AS$11:$AS$74)*(E$48<=$AT$11:$AT$74)>0),$B57,"")} | F57: {=IF(OR((F$48>=$AS$11:$AS$74)*(F$48<=$AT$11:$AT$74)>0),$B57,"")} | G57: {=IF(OR((G$48>=$AS$11:$AS$74)*(G$48<=$AT$11:$AT$74)>0),$B57,"")} | H57: {=IF(OR((H$48>=$AS$11:$AS$74)*(H$48<=$AT$11:$AT$74)>0),$B57,"")} | I57: {=IF(OR((I$48>=$AS$11:$AS$74)*(I$48<=$AT$11:$AT$74)>0),$B57,"")} | J57: {=IF(OR((J$48>=$AS$11:$AS$74)*(J$48<=$AT$11:$AT$74)>0),$B57,"")} | ... AI57: {=IF(OR((AI$48>=$AS$11:$AS$74)*(AI$48<=$AT$11:$AT$74)>0),$B57,"")} | AK57: BFS/CEA BATT | AL57: 24 | AM57: {=IF(OR((AM$48>=$AS$11:$AS$74)*(AM$48<=$AT$11:$AT$74)>0),$B57,"")} | AN57: {=IF(OR((AN$48>=$AS$11:$AS$74)*(AN$48<=$AT$11:$AT$74)>0),$B57,"")} | AO57: {=IF(OR((AO$48>=$AS$11:$AS$74)*(AO$48<=$AT$11:$AT$74)>0),$B57,"")} | AP57: {=IF(OR((AP$48>=$AS$11:$AS$74)*(AP$48<=$AT$11:$AT$74)>0),$B57,"")} | AQ57: {=IF(OR((AQ$48>=$AS$11:$AS$74)*(AQ$48<=$AT$11:$AT$74)>0),$B57,"")} | AR57: {=IF(OR((AR$48>=$AS$11:$AS$74)*(AR$48<=$AT$11:$AT$74)>0),$B57,"")} | AS57: {=IF(OR((AS$48>=$AS$11:$AS$74)*(AS$48<=$AT$11:$AT$74)>0),$B57,"")} | AT57: {=IF(OR((AT$48>=$AS$11:$AS$74)*(AT$48<=$AT$11:$AT$74)>0),$B57,"")} | ... BS57: {=IF(OR((BS$48>=$AS$11:$AS$74)*(BS$48<=$AT$11:$AT$74)>0),$B57,"")} | BU57: BFS/CEA BATT | BV57: 24 | BW57: {=IF(OR((BW$48>=$AS$11:$AS$74)*(BW$48<=$AT$11:$AT$74)>0),$B57,"")} | BX57: {=IF(OR((BX$48>=$AS$11:$AS$74)*(BX$48<=$AT$11:$AT$74)>0),$B57,"")} | BY57: {=IF(OR((BY$48>=$AS$11:$AS$74)*(BY$48<=$AT$11:$AT$74)>0),$B57,"")} | BZ57: {=IF(OR((BZ$48>=$AS$11:$AS$74)*(BZ$48<=$AT$11:$AT$74)>0),$B57,"")} | CA57: {=IF(OR((CA$48>=$AS$11:$AS$74)*(CA$48<=$AT$11:$AT$74)>0),$B57,"")} | CB57: {=IF(OR((CB$48>=$AS$11:$AS$74)*(CB$48<=$AT$11:$AT$74)>0),$B57,"")} | CC57: {=IF(OR((CC$48>=$AS$11:$AS$74)*(CC$48<=$AT$11:$AT$74)>0),$B57,"")} | CD57: {=IF(OR((CD$48>=$AS$11:$AS$74)*(CD$48<=$AT$11:$AT$74)>0),$B57,"")} | ... DC57: {=IF(OR((DC$48>=$AS$11:$AS$74)*(DC$48<=$AT$11:$AT$74)>0),$B57,"")}
A59: UOCE | AK59: UOCE | BU59: UOCE
B60: Default | C60: =EOMONTH($A$1,-1) -> 46265 | D60: =C60+1 -> 46266 | E60: =D60+1 -> 46267 | F60: =E60+1 -> 46268 | G60: =F60+1 -> 46269 | H60: =G60+1 -> 46270 | I60: =H60+1 -> 46271 | J60: =I60+1 -> 46272 | K60: =J60+1 -> 46273 | ... AI60: =AH60+1 -> 46297 | AL60: Default | AM60: =EOMONTH($A$1,-1) -> 46265 | AN60: =AM60+1 -> 46266 | AO60: =AN60+1 -> 46267 | AP60: =AO60+1 -> 46268 | AQ60: =AP60+1 -> 46269 | AR60: =AQ60+1 -> 46270 | AS60: =AR60+1 -> 46271 | AT60: =AS60+1 -> 46272 | AU60: =AT60+1 -> 46273 | ... BS60: =BR60+1 -> 46297 | BV60: Default | BW60: =EOMONTH($A$1,-1) -> 46265 | BX60: =BW60+1 -> 46266 | BY60: =BX60+1 -> 46267 | BZ60: =BY60+1 -> 46268 | CA60: =BZ60+1 -> 46269 | CB60: =CA60+1 -> 46270 | CC60: =CB60+1 -> 46271 | CD60: =CC60+1 -> 46272 | CE60: =CD60+1 -> 46273 | ... DC60: =DB60+1 -> 46297
A61: KEYHOLE SENSOR | B61: 12 | C61: {=IF(OR((C$60>=$AU$11:$AU$74)*(C$48<=$AV$11:$AV$74)>0),$B61,"")} | D61: {=IF(OR((D$60>=$AU$11:$AU$74)*(D$48<=$AV$11:$AV$74)>0),$B61,"")} | E61: {=IF(OR((E$60>=$AU$11:$AU$74)*(E$48<=$AV$11:$AV$74)>0),$B61,"")} | F61: {=IF(OR((F$60>=$AU$11:$AU$74)*(F$48<=$AV$11:$AV$74)>0),$B61,"")} | G61: {=IF(OR((G$60>=$AU$11:$AU$74)*(G$48<=$AV$11:$AV$74)>0),$B61,"")} | H61: {=IF(OR((H$60>=$AU$11:$AU$74)*(H$48<=$AV$11:$AV$74)>0),$B61,"")} | I61: {=IF(OR((I$60>=$AU$11:$AU$74)*(I$48<=$AV$11:$AV$74)>0),$B61,"")} | J61: {=IF(OR((J$60>=$AU$11:$AU$74)*(J$48<=$AV$11:$AV$74)>0),$B61,"")} | ... AI61: {=IF(OR((AI$60>=$AU$11:$AU$74)*(AI$48<=$AV$11:$AV$74)>0),$B61,"")} | AK61: KEYHOLE SENSOR | AL61: 12 | AM61: {=IF(OR((AM$60>=$AU$11:$AU$74)*(AM$48<=$AV$11:$AV$74)>0),$B61,"")} | AN61: {=IF(OR((AN$60>=$AU$11:$AU$74)*(AN$48<=$AV$11:$AV$74)>0),$B61,"")} | AO61: {=IF(OR((AO$60>=$AU$11:$AU$74)*(AO$48<=$AV$11:$AV$74)>0),$B61,"")} | AP61: {=IF(OR((AP$60>=$AU$11:$AU$74)*(AP$48<=$AV$11:$AV$74)>0),$B61,"")} | AQ61: {=IF(OR((AQ$60>=$AU$11:$AU$74)*(AQ$48<=$AV$11:$AV$74)>0),$B61,"")} | AR61: {=IF(OR((AR$60>=$AU$11:$AU$74)*(AR$48<=$AV$11:$AV$74)>0),$B61,"")} | AS61: {=IF(OR((AS$60>=$AU$11:$AU$74)*(AS$48<=$AV$11:$AV$74)>0),$B61,"")} | AT61: {=IF(OR((AT$60>=$AU$11:$AU$74)*(AT$48<=$AV$11:$AV$74)>0),$B61,"")} | ... BS61: {=IF(OR((BS$60>=$AU$11:$AU$74)*(BS$48<=$AV$11:$AV$74)>0),$B61,"")} | BU61: KEYHOLE SENSOR | BV61: 12 | BW61: {=IF(OR((BW$60>=$AU$11:$AU$74)*(BW$48<=$AV$11:$AV$74)>0),$B61,"")} | BX61: {=IF(OR((BX$60>=$AU$11:$AU$74)*(BX$48<=$AV$11:$AV$74)>0),$B61,"")} | BY61: {=IF(OR((BY$60>=$AU$11:$AU$74)*(BY$48<=$AV$11:$AV$74)>0),$B61,"")} | BZ61: {=IF(OR((BZ$60>=$AU$11:$AU$74)*(BZ$48<=$AV$11:$AV$74)>0),$B61,"")} | CA61: {=IF(OR((CA$60>=$AU$11:$AU$74)*(CA$48<=$AV$11:$AV$74)>0),$B61,"")} | CB61: {=IF(OR((CB$60>=$AU$11:$AU$74)*(CB$48<=$AV$11:$AV$74)>0),$B61,"")} | CC61: {=IF(OR((CC$60>=$AU$11:$AU$74)*(CC$48<=$AV$11:$AV$74)>0),$B61,"")} | CD61: {=IF(OR((CD$60>=$AU$11:$AU$74)*(CD$48<=$AV$11:$AV$74)>0),$B61,"")} | ... DC61: {=IF(OR((DC$60>=$AU$11:$AU$74)*(DC$48<=$AV$11:$AV$74)>0),$B61,"")}
A62: TACTICAL THROWING SENSOR | B62: 12 | C62: {=IF(OR((C$60>=$AU$11:$AU$74)*(C$48<=$AV$11:$AV$74)>0),$B62,"")} | D62: {=IF(OR((D$60>=$AU$11:$AU$74)*(D$48<=$AV$11:$AV$74)>0),$B62,"")} | E62: {=IF(OR((E$60>=$AU$11:$AU$74)*(E$48<=$AV$11:$AV$74)>0),$B62,"")} | F62: {=IF(OR((F$60>=$AU$11:$AU$74)*(F$48<=$AV$11:$AV$74)>0),$B62,"")} | G62: {=IF(OR((G$60>=$AU$11:$AU$74)*(G$48<=$AV$11:$AV$74)>0),$B62,"")} | H62: {=IF(OR((H$60>=$AU$11:$AU$74)*(H$48<=$AV$11:$AV$74)>0),$B62,"")} | I62: {=IF(OR((I$60>=$AU$11:$AU$74)*(I$48<=$AV$11:$AV$74)>0),$B62,"")} | J62: {=IF(OR((J$60>=$AU$11:$AU$74)*(J$48<=$AV$11:$AV$74)>0),$B62,"")} | ... AI62: {=IF(OR((AI$60>=$AU$11:$AU$74)*(AI$48<=$AV$11:$AV$74)>0),$B62,"")} | AK62: TACTICAL THROWING SENSOR | AL62: 12 | AM62: {=IF(OR((AM$60>=$AU$11:$AU$74)*(AM$48<=$AV$11:$AV$74)>0),$B62,"")} | AN62: {=IF(OR((AN$60>=$AU$11:$AU$74)*(AN$48<=$AV$11:$AV$74)>0),$B62,"")} | AO62: {=IF(OR((AO$60>=$AU$11:$AU$74)*(AO$48<=$AV$11:$AV$74)>0),$B62,"")} | AP62: {=IF(OR((AP$60>=$AU$11:$AU$74)*(AP$48<=$AV$11:$AV$74)>0),$B62,"")} | AQ62: {=IF(OR((AQ$60>=$AU$11:$AU$74)*(AQ$48<=$AV$11:$AV$74)>0),$B62,"")} | AR62: {=IF(OR((AR$60>=$AU$11:$AU$74)*(AR$48<=$AV$11:$AV$74)>0),$B62,"")} | AS62: {=IF(OR((AS$60>=$AU$11:$AU$74)*(AS$48<=$AV$11:$AV$74)>0),$B62,"")} | AT62: {=IF(OR((AT$60>=$AU$11:$AU$74)*(AT$48<=$AV$11:$AV$74)>0),$B62,"")} | ... BS62: {=IF(OR((BS$60>=$AU$11:$AU$74)*(BS$48<=$AV$11:$AV$74)>0),$B62,"")} | BU62: TACTICAL THROWING SENSOR | BV62: 12 | BW62: {=IF(OR((BW$60>=$AU$11:$AU$74)*(BW$48<=$AV$11:$AV$74)>0),$B62,"")} | BX62: {=IF(OR((BX$60>=$AU$11:$AU$74)*(BX$48<=$AV$11:$AV$74)>0),$B62,"")} | BY62: {=IF(OR((BY$60>=$AU$11:$AU$74)*(BY$48<=$AV$11:$AV$74)>0),$B62,"")} | BZ62: {=IF(OR((BZ$60>=$AU$11:$AU$74)*(BZ$48<=$AV$11:$AV$74)>0),$B62,"")} | CA62: {=IF(OR((CA$60>=$AU$11:$AU$74)*(CA$48<=$AV$11:$AV$74)>0),$B62,"")} | CB62: {=IF(OR((CB$60>=$AU$11:$AU$74)*(CB$48<=$AV$11:$AV$74)>0),$B62,"")} | CC62: {=IF(OR((CC$60>=$AU$11:$AU$74)*(CC$48<=$AV$11:$AV$74)>0),$B62,"")} | CD62: {=IF(OR((CD$60>=$AU$11:$AU$74)*(CD$48<=$AV$11:$AV$74)>0),$B62,"")} | ... DC62: {=IF(OR((DC$60>=$AU$11:$AU$74)*(DC$48<=$AV$11:$AV$74)>0),$B62,"")}
A63: FORWARD SENSOR SYSTEM | B63: 4 | C63: {=IF(OR((C$60>=$AU$11:$AU$74)*(C$48<=$AV$11:$AV$74)>0),$B63,"")} | D63: {=IF(OR((D$60>=$AU$11:$AU$74)*(D$48<=$AV$11:$AV$74)>0),$B63,"")} | E63: {=IF(OR((E$60>=$AU$11:$AU$74)*(E$48<=$AV$11:$AV$74)>0),$B63,"")} | F63: {=IF(OR((F$60>=$AU$11:$AU$74)*(F$48<=$AV$11:$AV$74)>0),$B63,"")} | G63: {=IF(OR((G$60>=$AU$11:$AU$74)*(G$48<=$AV$11:$AV$74)>0),$B63,"")} | H63: {=IF(OR((H$60>=$AU$11:$AU$74)*(H$48<=$AV$11:$AV$74)>0),$B63,"")} | I63: {=IF(OR((I$60>=$AU$11:$AU$74)*(I$48<=$AV$11:$AV$74)>0),$B63,"")} | J63: {=IF(OR((J$60>=$AU$11:$AU$74)*(J$48<=$AV$11:$AV$74)>0),$B63,"")} | ... AI63: {=IF(OR((AI$60>=$AU$11:$AU$74)*(AI$48<=$AV$11:$AV$74)>0),$B63,"")} | AK63: FORWARD SENSOR SYSTEM | AL63: 4 | AM63: {=IF(OR((AM$60>=$AU$11:$AU$74)*(AM$48<=$AV$11:$AV$74)>0),$B63,"")} | AN63: {=IF(OR((AN$60>=$AU$11:$AU$74)*(AN$48<=$AV$11:$AV$74)>0),$B63,"")} | AO63: {=IF(OR((AO$60>=$AU$11:$AU$74)*(AO$48<=$AV$11:$AV$74)>0),$B63,"")} | AP63: {=IF(OR((AP$60>=$AU$11:$AU$74)*(AP$48<=$AV$11:$AV$74)>0),$B63,"")} | AQ63: {=IF(OR((AQ$60>=$AU$11:$AU$74)*(AQ$48<=$AV$11:$AV$74)>0),$B63,"")} | AR63: {=IF(OR((AR$60>=$AU$11:$AU$74)*(AR$48<=$AV$11:$AV$74)>0),$B63,"")} | AS63: {=IF(OR((AS$60>=$AU$11:$AU$74)*(AS$48<=$AV$11:$AV$74)>0),$B63,"")} | AT63: {=IF(OR((AT$60>=$AU$11:$AU$74)*(AT$48<=$AV$11:$AV$74)>0),$B63,"")} | ... BS63: {=IF(OR((BS$60>=$AU$11:$AU$74)*(BS$48<=$AV$11:$AV$74)>0),$B63,"")} | BU63: FORWARD SENSOR SYSTEM | BV63: 4 | BW63: {=IF(OR((BW$60>=$AU$11:$AU$74)*(BW$48<=$AV$11:$AV$74)>0),$B63,"")} | BX63: {=IF(OR((BX$60>=$AU$11:$AU$74)*(BX$48<=$AV$11:$AV$74)>0),$B63,"")} | BY63: {=IF(OR((BY$60>=$AU$11:$AU$74)*(BY$48<=$AV$11:$AV$74)>0),$B63,"")} | BZ63: {=IF(OR((BZ$60>=$AU$11:$AU$74)*(BZ$48<=$AV$11:$AV$74)>0),$B63,"")} | CA63: {=IF(OR((CA$60>=$AU$11:$AU$74)*(CA$48<=$AV$11:$AV$74)>0),$B63,"")} | CB63: {=IF(OR((CB$60>=$AU$11:$AU$74)*(CB$48<=$AV$11:$AV$74)>0),$B63,"")} | CC63: {=IF(OR((CC$60>=$AU$11:$AU$74)*(CC$48<=$AV$11:$AV$74)>0),$B63,"")} | CD63: {=IF(OR((CD$60>=$AU$11:$AU$74)*(CD$48<=$AV$11:$AV$74)>0),$B63,"")} | ... DC63: {=IF(OR((DC$60>=$AU$11:$AU$74)*(DC$48<=$AV$11:$AV$74)>0),$B63,"")}
A64: ROUND CORNER SENSOR | B64: 12 | C64: {=IF(OR((C$60>=$AU$11:$AU$74)*(C$48<=$AV$11:$AV$74)>0),$B64,"")} | D64: {=IF(OR((D$60>=$AU$11:$AU$74)*(D$48<=$AV$11:$AV$74)>0),$B64,"")} | E64: {=IF(OR((E$60>=$AU$11:$AU$74)*(E$48<=$AV$11:$AV$74)>0),$B64,"")} | F64: {=IF(OR((F$60>=$AU$11:$AU$74)*(F$48<=$AV$11:$AV$74)>0),$B64,"")} | G64: {=IF(OR((G$60>=$AU$11:$AU$74)*(G$48<=$AV$11:$AV$74)>0),$B64,"")} | H64: {=IF(OR((H$60>=$AU$11:$AU$74)*(H$48<=$AV$11:$AV$74)>0),$B64,"")} | I64: {=IF(OR((I$60>=$AU$11:$AU$74)*(I$48<=$AV$11:$AV$74)>0),$B64,"")} | J64: {=IF(OR((J$60>=$AU$11:$AU$74)*(J$48<=$AV$11:$AV$74)>0),$B64,"")} | ... AI64: {=IF(OR((AI$60>=$AU$11:$AU$74)*(AI$48<=$AV$11:$AV$74)>0),$B64,"")} | AK64: ROUND CORNER SENSOR | AL64: 12 | AM64: {=IF(OR((AM$60>=$AU$11:$AU$74)*(AM$48<=$AV$11:$AV$74)>0),$B64,"")} | AN64: {=IF(OR((AN$60>=$AU$11:$AU$74)*(AN$48<=$AV$11:$AV$74)>0),$B64,"")} | AO64: {=IF(OR((AO$60>=$AU$11:$AU$74)*(AO$48<=$AV$11:$AV$74)>0),$B64,"")} | AP64: {=IF(OR((AP$60>=$AU$11:$AU$74)*(AP$48<=$AV$11:$AV$74)>0),$B64,"")} | AQ64: {=IF(OR((AQ$60>=$AU$11:$AU$74)*(AQ$48<=$AV$11:$AV$74)>0),$B64,"")} | AR64: {=IF(OR((AR$60>=$AU$11:$AU$74)*(AR$48<=$AV$11:$AV$74)>0),$B64,"")} | AS64: {=IF(OR((AS$60>=$AU$11:$AU$74)*(AS$48<=$AV$11:$AV$74)>0),$B64,"")} | AT64: {=IF(OR((AT$60>=$AU$11:$AU$74)*(AT$48<=$AV$11:$AV$74)>0),$B64,"")} | ... BS64: {=IF(OR((BS$60>=$AU$11:$AU$74)*(BS$48<=$AV$11:$AV$74)>0),$B64,"")} | BU64: ROUND CORNER SENSOR | BV64: 12 | BW64: {=IF(OR((BW$60>=$AU$11:$AU$74)*(BW$48<=$AV$11:$AV$74)>0),$B64,"")} | BX64: {=IF(OR((BX$60>=$AU$11:$AU$74)*(BX$48<=$AV$11:$AV$74)>0),$B64,"")} | BY64: {=IF(OR((BY$60>=$AU$11:$AU$74)*(BY$48<=$AV$11:$AV$74)>0),$B64,"")} | BZ64: {=IF(OR((BZ$60>=$AU$11:$AU$74)*(BZ$48<=$AV$11:$AV$74)>0),$B64,"")} | CA64: {=IF(OR((CA$60>=$AU$11:$AU$74)*(CA$48<=$AV$11:$AV$74)>0),$B64,"")} | CB64: {=IF(OR((CB$60>=$AU$11:$AU$74)*(CB$48<=$AV$11:$AV$74)>0),$B64,"")} | CC64: {=IF(OR((CC$60>=$AU$11:$AU$74)*(CC$48<=$AV$11:$AV$74)>0),$B64,"")} | CD64: {=IF(OR((CD$60>=$AU$11:$AU$74)*(CD$48<=$AV$11:$AV$74)>0),$B64,"")} | ... DC64: {=IF(OR((DC$60>=$AU$11:$AU$74)*(DC$48<=$AV$11:$AV$74)>0),$B64,"")}
A66: HEARTLANDERS TOOLS | AK66: HEARTLANDERS TOOLS | BU66: HEARTLANDERS TOOLS
B67: Default | C67: =EOMONTH($A$1,-1) -> 46265 | D67: =C67+1 -> 46266 | E67: =D67+1 -> 46267 | F67: =E67+1 -> 46268 | G67: =F67+1 -> 46269 | H67: =G67+1 -> 46270 | I67: =H67+1 -> 46271 | J67: =I67+1 -> 46272 | K67: =J67+1 -> 46273 | ... AI67: =AH67+1 -> 46297 | AL67: Default | AM67: =EOMONTH($A$1,-1) -> 46265 | AN67: =AM67+1 -> 46266 | AO67: =AN67+1 -> 46267 | AP67: =AO67+1 -> 46268 | AQ67: =AP67+1 -> 46269 | AR67: =AQ67+1 -> 46270 | AS67: =AR67+1 -> 46271 | AT67: =AS67+1 -> 46272 | AU67: =AT67+1 -> 46273 | ... BS67: =BR67+1 -> 46297 | BV67: Default | BW67: =EOMONTH($A$1,-1) -> 46265 | BX67: =BW67+1 -> 46266 | BY67: =BX67+1 -> 46267 | BZ67: =BY67+1 -> 46268 | CA67: =BZ67+1 -> 46269 | CB67: =CA67+1 -> 46270 | CC67: =CB67+1 -> 46271 | CD67: =CC67+1 -> 46272 | CE67: =CD67+1 -> 46273 | ... DC67: =DB67+1 -> 46297
A68: HORN,LOUDSPEAKER: PORTABLE | B68: 1 | C68: {=IF(OR((C$67>=$AW$11:$AW$74)*(C$48<=$AX$11:$AX$74)>0),$B68,"")} | D68: {=IF(OR((D$67>=$AW$11:$AW$74)*(D$48<=$AX$11:$AX$74)>0),$B68,"")} | E68: {=IF(OR((E$67>=$AW$11:$AW$74)*(E$48<=$AX$11:$AX$74)>0),$B68,"")} | F68: {=IF(OR((F$67>=$AW$11:$AW$74)*(F$48<=$AX$11:$AX$74)>0),$B68,"")} | G68: {=IF(OR((G$67>=$AW$11:$AW$74)*(G$48<=$AX$11:$AX$74)>0),$B68,"")} | H68: {=IF(OR((H$67>=$AW$11:$AW$74)*(H$48<=$AX$11:$AX$74)>0),$B68,"")} | I68: {=IF(OR((I$67>=$AW$11:$AW$74)*(I$48<=$AX$11:$AX$74)>0),$B68,"")} | J68: {=IF(OR((J$67>=$AW$11:$AW$74)*(J$48<=$AX$11:$AX$74)>0),$B68,"")} | ... AI68: {=IF(OR((AI$67>=$AW$11:$AW$74)*(AI$48<=$AX$11:$AX$74)>0),$B68,"")} | AK68: HORN,LOUDSPEAKER: PORTABLE | AL68: 1 | AM68: {=IF(OR((AM$67>=$AW$11:$AW$74)*(AM$48<=$AX$11:$AX$74)>0),$B68,"")} | AN68: {=IF(OR((AN$67>=$AW$11:$AW$74)*(AN$48<=$AX$11:$AX$74)>0),$B68,"")} | AO68: {=IF(OR((AO$67>=$AW$11:$AW$74)*(AO$48<=$AX$11:$AX$74)>0),$B68,"")} | AP68: {=IF(OR((AP$67>=$AW$11:$AW$74)*(AP$48<=$AX$11:$AX$74)>0),$B68,"")} | AQ68: {=IF(OR((AQ$67>=$AW$11:$AW$74)*(AQ$48<=$AX$11:$AX$74)>0),$B68,"")} | AR68: {=IF(OR((AR$67>=$AW$11:$AW$74)*(AR$48<=$AX$11:$AX$74)>0),$B68,"")} | AS68: {=IF(OR((AS$67>=$AW$11:$AW$74)*(AS$48<=$AX$11:$AX$74)>0),$B68,"")} | AT68: {=IF(OR((AT$67>=$AW$11:$AW$74)*(AT$48<=$AX$11:$AX$74)>0),$B68,"")} | ... BS68: {=IF(OR((BS$67>=$AW$11:$AW$74)*(BS$48<=$AX$11:$AX$74)>0),$B68,"")} | BU68: HORN,LOUDSPEAKER: PORTABLE | BV68: 1 | BW68: {=IF(OR((BW$67>=$AW$11:$AW$74)*(BW$48<=$AX$11:$AX$74)>0),$B68,"")} | BX68: {=IF(OR((BX$67>=$AW$11:$AW$74)*(BX$48<=$AX$11:$AX$74)>0),$B68,"")} | BY68: {=IF(OR((BY$67>=$AW$11:$AW$74)*(BY$48<=$AX$11:$AX$74)>0),$B68,"")} | BZ68: {=IF(OR((BZ$67>=$AW$11:$AW$74)*(BZ$48<=$AX$11:$AX$74)>0),$B68,"")} | CA68: {=IF(OR((CA$67>=$AW$11:$AW$74)*(CA$48<=$AX$11:$AX$74)>0),$B68,"")} | CB68: {=IF(OR((CB$67>=$AW$11:$AW$74)*(CB$48<=$AX$11:$AX$74)>0),$B68,"")} | CC68: {=IF(OR((CC$67>=$AW$11:$AW$74)*(CC$48<=$AX$11:$AX$74)>0),$B68,"")} | CD68: {=IF(OR((CD$67>=$AW$11:$AW$74)*(CD$48<=$AX$11:$AX$74)>0),$B68,"")} | ... DC68: {=IF(OR((DC$67>=$AW$11:$AW$74)*(DC$48<=$AX$11:$AX$74)>0),$B68,"")}
A69: SHIELD, PERSONAL PROTECTIVE | B69: 21 | C69: {=IF(OR((C$67>=$AW$11:$AW$74)*(C$48<=$AX$11:$AX$74)>0),$B69,"")} | D69: {=IF(OR((D$67>=$AW$11:$AW$74)*(D$48<=$AX$11:$AX$74)>0),$B69,"")} | E69: {=IF(OR((E$67>=$AW$11:$AW$74)*(E$48<=$AX$11:$AX$74)>0),$B69,"")} | F69: {=IF(OR((F$67>=$AW$11:$AW$74)*(F$48<=$AX$11:$AX$74)>0),$B69,"")} | G69: {=IF(OR((G$67>=$AW$11:$AW$74)*(G$48<=$AX$11:$AX$74)>0),$B69,"")} | H69: {=IF(OR((H$67>=$AW$11:$AW$74)*(H$48<=$AX$11:$AX$74)>0),$B69,"")} | I69: {=IF(OR((I$67>=$AW$11:$AW$74)*(I$48<=$AX$11:$AX$74)>0),$B69,"")} | J69: {=IF(OR((J$67>=$AW$11:$AW$74)*(J$48<=$AX$11:$AX$74)>0),$B69,"")} | ... AI69: {=IF(OR((AI$67>=$AW$11:$AW$74)*(AI$48<=$AX$11:$AX$74)>0),$B69,"")} | AK69: SHIELD, PERSONAL PROTECTIVE | AL69: 21 | AM69: {=IF(OR((AM$67>=$AW$11:$AW$74)*(AM$48<=$AX$11:$AX$74)>0),$B69,"")} | AN69: {=IF(OR((AN$67>=$AW$11:$AW$74)*(AN$48<=$AX$11:$AX$74)>0),$B69,"")} | AO69: {=IF(OR((AO$67>=$AW$11:$AW$74)*(AO$48<=$AX$11:$AX$74)>0),$B69,"")} | AP69: {=IF(OR((AP$67>=$AW$11:$AW$74)*(AP$48<=$AX$11:$AX$74)>0),$B69,"")} | AQ69: {=IF(OR((AQ$67>=$AW$11:$AW$74)*(AQ$48<=$AX$11:$AX$74)>0),$B69,"")} | AR69: {=IF(OR((AR$67>=$AW$11:$AW$74)*(AR$48<=$AX$11:$AX$74)>0),$B69,"")} | AS69: {=IF(OR((AS$67>=$AW$11:$AW$74)*(AS$48<=$AX$11:$AX$74)>0),$B69,"")} | AT69: {=IF(OR((AT$67>=$AW$11:$AW$74)*(AT$48<=$AX$11:$AX$74)>0),$B69,"")} | ... BS69: {=IF(OR((BS$67>=$AW$11:$AW$74)*(BS$48<=$AX$11:$AX$74)>0),$B69,"")} | BU69: SHIELD, PERSONAL PROTECTIVE | BV69: 21 | BW69: {=IF(OR((BW$67>=$AW$11:$AW$74)*(BW$48<=$AX$11:$AX$74)>0),$B69,"")} | BX69: {=IF(OR((BX$67>=$AW$11:$AW$74)*(BX$48<=$AX$11:$AX$74)>0),$B69,"")} | BY69: {=IF(OR((BY$67>=$AW$11:$AW$74)*(BY$48<=$AX$11:$AX$74)>0),$B69,"")} | BZ69: {=IF(OR((BZ$67>=$AW$11:$AW$74)*(BZ$48<=$AX$11:$AX$74)>0),$B69,"")} | CA69: {=IF(OR((CA$67>=$AW$11:$AW$74)*(CA$48<=$AX$11:$AX$74)>0),$B69,"")} | CB69: {=IF(OR((CB$67>=$AW$11:$AW$74)*(CB$48<=$AX$11:$AX$74)>0),$B69,"")} | CC69: {=IF(OR((CC$67>=$AW$11:$AW$74)*(CC$48<=$AX$11:$AX$74)>0),$B69,"")} | CD69: {=IF(OR((CD$67>=$AW$11:$AW$74)*(CD$48<=$AX$11:$AX$74)>0),$B69,"")} | ... DC69: {=IF(OR((DC$67>=$AW$11:$AW$74)*(DC$48<=$AX$11:$AX$74)>0),$B69,"")}
A70: BATON, TELESCOPIC: W/HANDLE STRAP | B70: 19 | C70: {=IF(OR((C$67>=$AW$11:$AW$74)*(C$48<=$AX$11:$AX$74)>0),$B70,"")} | D70: {=IF(OR((D$67>=$AW$11:$AW$74)*(D$48<=$AX$11:$AX$74)>0),$B70,"")} | E70: {=IF(OR((E$67>=$AW$11:$AW$74)*(E$48<=$AX$11:$AX$74)>0),$B70,"")} | F70: {=IF(OR((F$67>=$AW$11:$AW$74)*(F$48<=$AX$11:$AX$74)>0),$B70,"")} | G70: {=IF(OR((G$67>=$AW$11:$AW$74)*(G$48<=$AX$11:$AX$74)>0),$B70,"")} | H70: {=IF(OR((H$67>=$AW$11:$AW$74)*(H$48<=$AX$11:$AX$74)>0),$B70,"")} | I70: {=IF(OR((I$67>=$AW$11:$AW$74)*(I$48<=$AX$11:$AX$74)>0),$B70,"")} | J70: {=IF(OR((J$67>=$AW$11:$AW$74)*(J$48<=$AX$11:$AX$74)>0),$B70,"")} | ... AI70: {=IF(OR((AI$67>=$AW$11:$AW$74)*(AI$48<=$AX$11:$AX$74)>0),$B70,"")} | AK70: BATON, TELESCOPIC: W/HANDLE STRAP | AL70: 19 | AM70: {=IF(OR((AM$67>=$AW$11:$AW$74)*(AM$48<=$AX$11:$AX$74)>0),$B70,"")} | AN70: {=IF(OR((AN$67>=$AW$11:$AW$74)*(AN$48<=$AX$11:$AX$74)>0),$B70,"")} | AO70: {=IF(OR((AO$67>=$AW$11:$AW$74)*(AO$48<=$AX$11:$AX$74)>0),$B70,"")} | AP70: {=IF(OR((AP$67>=$AW$11:$AW$74)*(AP$48<=$AX$11:$AX$74)>0),$B70,"")} | AQ70: {=IF(OR((AQ$67>=$AW$11:$AW$74)*(AQ$48<=$AX$11:$AX$74)>0),$B70,"")} | AR70: {=IF(OR((AR$67>=$AW$11:$AW$74)*(AR$48<=$AX$11:$AX$74)>0),$B70,"")} | AS70: {=IF(OR((AS$67>=$AW$11:$AW$74)*(AS$48<=$AX$11:$AX$74)>0),$B70,"")} | AT70: {=IF(OR((AT$67>=$AW$11:$AW$74)*(AT$48<=$AX$11:$AX$74)>0),$B70,"")} | ... BS70: {=IF(OR((BS$67>=$AW$11:$AW$74)*(BS$48<=$AX$11:$AX$74)>0),$B70,"")} | BU70: BATON, TELESCOPIC: W/HANDLE STRAP | BV70: 19 | BW70: {=IF(OR((BW$67>=$AW$11:$AW$74)*(BW$48<=$AX$11:$AX$74)>0),$B70,"")} | BX70: {=IF(OR((BX$67>=$AW$11:$AW$74)*(BX$48<=$AX$11:$AX$74)>0),$B70,"")} | BY70: {=IF(OR((BY$67>=$AW$11:$AW$74)*(BY$48<=$AX$11:$AX$74)>0),$B70,"")} | BZ70: {=IF(OR((BZ$67>=$AW$11:$AW$74)*(BZ$48<=$AX$11:$AX$74)>0),$B70,"")} | CA70: {=IF(OR((CA$67>=$AW$11:$AW$74)*(CA$48<=$AX$11:$AX$74)>0),$B70,"")} | CB70: {=IF(OR((CB$67>=$AW$11:$AW$74)*(CB$48<=$AX$11:$AX$74)>0),$B70,"")} | CC70: {=IF(OR((CC$67>=$AW$11:$AW$74)*(CC$48<=$AX$11:$AX$74)>0),$B70,"")} | CD70: {=IF(OR((CD$67>=$AW$11:$AW$74)*(CD$48<=$AX$11:$AX$74)>0),$B70,"")} | ... DC70: {=IF(OR((DC$67>=$AW$11:$AW$74)*(DC$48<=$AX$11:$AX$74)>0),$B70,"")}
A71: SIGN:`STOP’, DETACHABLE | B71: 4 | C71: {=IF(OR((C$67>=$AW$11:$AW$74)*(C$48<=$AX$11:$AX$74)>0),$B71,"")} | D71: {=IF(OR((D$67>=$AW$11:$AW$74)*(D$48<=$AX$11:$AX$74)>0),$B71,"")} | E71: {=IF(OR((E$67>=$AW$11:$AW$74)*(E$48<=$AX$11:$AX$74)>0),$B71,"")} | F71: {=IF(OR((F$67>=$AW$11:$AW$74)*(F$48<=$AX$11:$AX$74)>0),$B71,"")} | G71: {=IF(OR((G$67>=$AW$11:$AW$74)*(G$48<=$AX$11:$AX$74)>0),$B71,"")} | H71: {=IF(OR((H$67>=$AW$11:$AW$74)*(H$48<=$AX$11:$AX$74)>0),$B71,"")} | I71: {=IF(OR((I$67>=$AW$11:$AW$74)*(I$48<=$AX$11:$AX$74)>0),$B71,"")} | J71: {=IF(OR((J$67>=$AW$11:$AW$74)*(J$48<=$AX$11:$AX$74)>0),$B71,"")} | ... AI71: {=IF(OR((AI$67>=$AW$11:$AW$74)*(AI$48<=$AX$11:$AX$74)>0),$B71,"")} | AK71: SIGN:`STOP’, DETACHABLE | AL71: 4 | AM71: {=IF(OR((AM$67>=$AW$11:$AW$74)*(AM$48<=$AX$11:$AX$74)>0),$B71,"")} | AN71: {=IF(OR((AN$67>=$AW$11:$AW$74)*(AN$48<=$AX$11:$AX$74)>0),$B71,"")} | AO71: {=IF(OR((AO$67>=$AW$11:$AW$74)*(AO$48<=$AX$11:$AX$74)>0),$B71,"")} | AP71: {=IF(OR((AP$67>=$AW$11:$AW$74)*(AP$48<=$AX$11:$AX$74)>0),$B71,"")} | AQ71: {=IF(OR((AQ$67>=$AW$11:$AW$74)*(AQ$48<=$AX$11:$AX$74)>0),$B71,"")} | AR71: {=IF(OR((AR$67>=$AW$11:$AW$74)*(AR$48<=$AX$11:$AX$74)>0),$B71,"")} | AS71: {=IF(OR((AS$67>=$AW$11:$AW$74)*(AS$48<=$AX$11:$AX$74)>0),$B71,"")} | AT71: {=IF(OR((AT$67>=$AW$11:$AW$74)*(AT$48<=$AX$11:$AX$74)>0),$B71,"")} | ... BS71: {=IF(OR((BS$67>=$AW$11:$AW$74)*(BS$48<=$AX$11:$AX$74)>0),$B71,"")} | BU71: SIGN:`STOP’, DETACHABLE | BV71: 4 | BW71: {=IF(OR((BW$67>=$AW$11:$AW$74)*(BW$48<=$AX$11:$AX$74)>0),$B71,"")} | BX71: {=IF(OR((BX$67>=$AW$11:$AW$74)*(BX$48<=$AX$11:$AX$74)>0),$B71,"")} | BY71: {=IF(OR((BY$67>=$AW$11:$AW$74)*(BY$48<=$AX$11:$AX$74)>0),$B71,"")} | BZ71: {=IF(OR((BZ$67>=$AW$11:$AW$74)*(BZ$48<=$AX$11:$AX$74)>0),$B71,"")} | CA71: {=IF(OR((CA$67>=$AW$11:$AW$74)*(CA$48<=$AX$11:$AX$74)>0),$B71,"")} | CB71: {=IF(OR((CB$67>=$AW$11:$AW$74)*(CB$48<=$AX$11:$AX$74)>0),$B71,"")} | CC71: {=IF(OR((CC$67>=$AW$11:$AW$74)*(CC$48<=$AX$11:$AX$74)>0),$B71,"")} | CD71: {=IF(OR((CD$67>=$AW$11:$AW$74)*(CD$48<=$AX$11:$AX$74)>0),$B71,"")} | ... DC71: {=IF(OR((DC$67>=$AW$11:$AW$74)*(DC$48<=$AX$11:$AX$74)>0),$B71,"")}
A72: CONCERTINA WIRE SUPPORT STAND | B72: 12 | C72: {=IF(OR((C$67>=$AW$11:$AW$74)*(C$48<=$AX$11:$AX$74)>0),$B72,"")} | D72: {=IF(OR((D$67>=$AW$11:$AW$74)*(D$48<=$AX$11:$AX$74)>0),$B72,"")} | E72: {=IF(OR((E$67>=$AW$11:$AW$74)*(E$48<=$AX$11:$AX$74)>0),$B72,"")} | F72: {=IF(OR((F$67>=$AW$11:$AW$74)*(F$48<=$AX$11:$AX$74)>0),$B72,"")} | G72: {=IF(OR((G$67>=$AW$11:$AW$74)*(G$48<=$AX$11:$AX$74)>0),$B72,"")} | H72: {=IF(OR((H$67>=$AW$11:$AW$74)*(H$48<=$AX$11:$AX$74)>0),$B72,"")} | I72: {=IF(OR((I$67>=$AW$11:$AW$74)*(I$48<=$AX$11:$AX$74)>0),$B72,"")} | J72: {=IF(OR((J$67>=$AW$11:$AW$74)*(J$48<=$AX$11:$AX$74)>0),$B72,"")} | ... AI72: {=IF(OR((AI$67>=$AW$11:$AW$74)*(AI$48<=$AX$11:$AX$74)>0),$B72,"")} | AK72: CONCERTINA WIRE SUPPORT STAND | AL72: 12 | AM72: {=IF(OR((AM$67>=$AW$11:$AW$74)*(AM$48<=$AX$11:$AX$74)>0),$B72,"")} | AN72: {=IF(OR((AN$67>=$AW$11:$AW$74)*(AN$48<=$AX$11:$AX$74)>0),$B72,"")} | AO72: {=IF(OR((AO$67>=$AW$11:$AW$74)*(AO$48<=$AX$11:$AX$74)>0),$B72,"")} | AP72: {=IF(OR((AP$67>=$AW$11:$AW$74)*(AP$48<=$AX$11:$AX$74)>0),$B72,"")} | AQ72: {=IF(OR((AQ$67>=$AW$11:$AW$74)*(AQ$48<=$AX$11:$AX$74)>0),$B72,"")} | AR72: {=IF(OR((AR$67>=$AW$11:$AW$74)*(AR$48<=$AX$11:$AX$74)>0),$B72,"")} | AS72: {=IF(OR((AS$67>=$AW$11:$AW$74)*(AS$48<=$AX$11:$AX$74)>0),$B72,"")} | AT72: {=IF(OR((AT$67>=$AW$11:$AW$74)*(AT$48<=$AX$11:$AX$74)>0),$B72,"")} | ... BS72: {=IF(OR((BS$67>=$AW$11:$AW$74)*(BS$48<=$AX$11:$AX$74)>0),$B72,"")} | BU72: CONCERTINA WIRE SUPPORT STAND | BV72: 12 | BW72: {=IF(OR((BW$67>=$AW$11:$AW$74)*(BW$48<=$AX$11:$AX$74)>0),$B72,"")} | BX72: {=IF(OR((BX$67>=$AW$11:$AW$74)*(BX$48<=$AX$11:$AX$74)>0),$B72,"")} | BY72: {=IF(OR((BY$67>=$AW$11:$AW$74)*(BY$48<=$AX$11:$AX$74)>0),$B72,"")} | BZ72: {=IF(OR((BZ$67>=$AW$11:$AW$74)*(BZ$48<=$AX$11:$AX$74)>0),$B72,"")} | CA72: {=IF(OR((CA$67>=$AW$11:$AW$74)*(CA$48<=$AX$11:$AX$74)>0),$B72,"")} | CB72: {=IF(OR((CB$67>=$AW$11:$AW$74)*(CB$48<=$AX$11:$AX$74)>0),$B72,"")} | CC72: {=IF(OR((CC$67>=$AW$11:$AW$74)*(CC$48<=$AX$11:$AX$74)>0),$B72,"")} | CD72: {=IF(OR((CD$67>=$AW$11:$AW$74)*(CD$48<=$AX$11:$AX$74)>0),$B72,"")} | ... DC72: {=IF(OR((DC$67>=$AW$11:$AW$74)*(DC$48<=$AX$11:$AX$74)>0),$B72,"")}
A73: DETECTOR, HAND-HELD: DETECTS METALS | B73: 4 | C73: {=IF(OR((C$67>=$AW$11:$AW$74)*(C$48<=$AX$11:$AX$74)>0),$B73,"")} | D73: {=IF(OR((D$67>=$AW$11:$AW$74)*(D$48<=$AX$11:$AX$74)>0),$B73,"")} | E73: {=IF(OR((E$67>=$AW$11:$AW$74)*(E$48<=$AX$11:$AX$74)>0),$B73,"")} | F73: {=IF(OR((F$67>=$AW$11:$AW$74)*(F$48<=$AX$11:$AX$74)>0),$B73,"")} | G73: {=IF(OR((G$67>=$AW$11:$AW$74)*(G$48<=$AX$11:$AX$74)>0),$B73,"")} | H73: {=IF(OR((H$67>=$AW$11:$AW$74)*(H$48<=$AX$11:$AX$74)>0),$B73,"")} | I73: {=IF(OR((I$67>=$AW$11:$AW$74)*(I$48<=$AX$11:$AX$74)>0),$B73,"")} | J73: {=IF(OR((J$67>=$AW$11:$AW$74)*(J$48<=$AX$11:$AX$74)>0),$B73,"")} | ... AI73: {=IF(OR((AI$67>=$AW$11:$AW$74)*(AI$48<=$AX$11:$AX$74)>0),$B73,"")} | AK73: DETECTOR, HAND-HELD: DETECTS METALS | AL73: 4 | AM73: {=IF(OR((AM$67>=$AW$11:$AW$74)*(AM$48<=$AX$11:$AX$74)>0),$B73,"")} | AN73: {=IF(OR((AN$67>=$AW$11:$AW$74)*(AN$48<=$AX$11:$AX$74)>0),$B73,"")} | AO73: {=IF(OR((AO$67>=$AW$11:$AW$74)*(AO$48<=$AX$11:$AX$74)>0),$B73,"")} | AP73: {=IF(OR((AP$67>=$AW$11:$AW$74)*(AP$48<=$AX$11:$AX$74)>0),$B73,"")} | AQ73: {=IF(OR((AQ$67>=$AW$11:$AW$74)*(AQ$48<=$AX$11:$AX$74)>0),$B73,"")} | AR73: {=IF(OR((AR$67>=$AW$11:$AW$74)*(AR$48<=$AX$11:$AX$74)>0),$B73,"")} | AS73: {=IF(OR((AS$67>=$AW$11:$AW$74)*(AS$48<=$AX$11:$AX$74)>0),$B73,"")} | AT73: {=IF(OR((AT$67>=$AW$11:$AW$74)*(AT$48<=$AX$11:$AX$74)>0),$B73,"")} | ... BS73: {=IF(OR((BS$67>=$AW$11:$AW$74)*(BS$48<=$AX$11:$AX$74)>0),$B73,"")} | BU73: DETECTOR, HAND-HELD: DETECTS METALS | BV73: 4 | BW73: {=IF(OR((BW$67>=$AW$11:$AW$74)*(BW$48<=$AX$11:$AX$74)>0),$B73,"")} | BX73: {=IF(OR((BX$67>=$AW$11:$AW$74)*(BX$48<=$AX$11:$AX$74)>0),$B73,"")} | BY73: {=IF(OR((BY$67>=$AW$11:$AW$74)*(BY$48<=$AX$11:$AX$74)>0),$B73,"")} | BZ73: {=IF(OR((BZ$67>=$AW$11:$AW$74)*(BZ$48<=$AX$11:$AX$74)>0),$B73,"")} | CA73: {=IF(OR((CA$67>=$AW$11:$AW$74)*(CA$48<=$AX$11:$AX$74)>0),$B73,"")} | CB73: {=IF(OR((CB$67>=$AW$11:$AW$74)*(CB$48<=$AX$11:$AX$74)>0),$B73,"")} | CC73: {=IF(OR((CC$67>=$AW$11:$AW$74)*(CC$48<=$AX$11:$AX$74)>0),$B73,"")} | CD73: {=IF(OR((CD$67>=$AW$11:$AW$74)*(CD$48<=$AX$11:$AX$74)>0),$B73,"")} | ... DC73: {=IF(OR((DC$67>=$AW$11:$AW$74)*(DC$48<=$AX$11:$AX$74)>0),$B73,"")}
A74: MIRROR, INSPECTION: F/UNDERCARRIAGE VEH | B74: 4 | C74: {=IF(OR((C$67>=$AW$11:$AW$74)*(C$48<=$AX$11:$AX$74)>0),$B74,"")} | D74: {=IF(OR((D$67>=$AW$11:$AW$74)*(D$48<=$AX$11:$AX$74)>0),$B74,"")} | E74: {=IF(OR((E$67>=$AW$11:$AW$74)*(E$48<=$AX$11:$AX$74)>0),$B74,"")} | F74: {=IF(OR((F$67>=$AW$11:$AW$74)*(F$48<=$AX$11:$AX$74)>0),$B74,"")} | G74: {=IF(OR((G$67>=$AW$11:$AW$74)*(G$48<=$AX$11:$AX$74)>0),$B74,"")} | H74: {=IF(OR((H$67>=$AW$11:$AW$74)*(H$48<=$AX$11:$AX$74)>0),$B74,"")} | I74: {=IF(OR((I$67>=$AW$11:$AW$74)*(I$48<=$AX$11:$AX$74)>0),$B74,"")} | J74: {=IF(OR((J$67>=$AW$11:$AW$74)*(J$48<=$AX$11:$AX$74)>0),$B74,"")} | ... AI74: {=IF(OR((AI$67>=$AW$11:$AW$74)*(AI$48<=$AX$11:$AX$74)>0),$B74,"")} | AK74: MIRROR, INSPECTION: F/UNDERCARRIAGE VEH | AL74: 4 | AM74: {=IF(OR((AM$67>=$AW$11:$AW$74)*(AM$48<=$AX$11:$AX$74)>0),$B74,"")} | AN74: {=IF(OR((AN$67>=$AW$11:$AW$74)*(AN$48<=$AX$11:$AX$74)>0),$B74,"")} | AO74: {=IF(OR((AO$67>=$AW$11:$AW$74)*(AO$48<=$AX$11:$AX$74)>0),$B74,"")} | AP74: {=IF(OR((AP$67>=$AW$11:$AW$74)*(AP$48<=$AX$11:$AX$74)>0),$B74,"")} | AQ74: {=IF(OR((AQ$67>=$AW$11:$AW$74)*(AQ$48<=$AX$11:$AX$74)>0),$B74,"")} | AR74: {=IF(OR((AR$67>=$AW$11:$AW$74)*(AR$48<=$AX$11:$AX$74)>0),$B74,"")} | AS74: {=IF(OR((AS$67>=$AW$11:$AW$74)*(AS$48<=$AX$11:$AX$74)>0),$B74,"")} | AT74: {=IF(OR((AT$67>=$AW$11:$AW$74)*(AT$48<=$AX$11:$AX$74)>0),$B74,"")} | ... BS74: {=IF(OR((BS$67>=$AW$11:$AW$74)*(BS$48<=$AX$11:$AX$74)>0),$B74,"")} | BU74: MIRROR, INSPECTION: F/UNDERCARRIAGE VEH | BV74: 4 | BW74: {=IF(OR((BW$67>=$AW$11:$AW$74)*(BW$48<=$AX$11:$AX$74)>0),$B74,"")} | BX74: {=IF(OR((BX$67>=$AW$11:$AW$74)*(BX$48<=$AX$11:$AX$74)>0),$B74,"")} | BY74: {=IF(OR((BY$67>=$AW$11:$AW$74)*(BY$48<=$AX$11:$AX$74)>0),$B74,"")} | BZ74: {=IF(OR((BZ$67>=$AW$11:$AW$74)*(BZ$48<=$AX$11:$AX$74)>0),$B74,"")} | CA74: {=IF(OR((CA$67>=$AW$11:$AW$74)*(CA$48<=$AX$11:$AX$74)>0),$B74,"")} | CB74: {=IF(OR((CB$67>=$AW$11:$AW$74)*(CB$48<=$AX$11:$AX$74)>0),$B74,"")} | CC74: {=IF(OR((CC$67>=$AW$11:$AW$74)*(CC$48<=$AX$11:$AX$74)>0),$B74,"")} | CD74: {=IF(OR((CD$67>=$AW$11:$AW$74)*(CD$48<=$AX$11:$AX$74)>0),$B74,"")} | ... DC74: {=IF(OR((DC$67>=$AW$11:$AW$74)*(DC$48<=$AX$11:$AX$74)>0),$B74,"")}
A75: ROAD SPIKES, TRAINING: 200 RUBBER SPIKES | B75: 2 | C75: {=IF(OR((C$67>=$AW$11:$AW$74)*(C$48<=$AX$11:$AX$74)>0),$B75,"")} | D75: {=IF(OR((D$67>=$AW$11:$AW$74)*(D$48<=$AX$11:$AX$74)>0),$B75,"")} | E75: {=IF(OR((E$67>=$AW$11:$AW$74)*(E$48<=$AX$11:$AX$74)>0),$B75,"")} | F75: {=IF(OR((F$67>=$AW$11:$AW$74)*(F$48<=$AX$11:$AX$74)>0),$B75,"")} | G75: {=IF(OR((G$67>=$AW$11:$AW$74)*(G$48<=$AX$11:$AX$74)>0),$B75,"")} | H75: {=IF(OR((H$67>=$AW$11:$AW$74)*(H$48<=$AX$11:$AX$74)>0),$B75,"")} | I75: {=IF(OR((I$67>=$AW$11:$AW$74)*(I$48<=$AX$11:$AX$74)>0),$B75,"")} | J75: {=IF(OR((J$67>=$AW$11:$AW$74)*(J$48<=$AX$11:$AX$74)>0),$B75,"")} | ... AI75: {=IF(OR((AI$67>=$AW$11:$AW$74)*(AI$48<=$AX$11:$AX$74)>0),$B75,"")} | AK75: ROAD SPIKES, TRAINING: 200 RUBBER SPIKES | AL75: 2 | AM75: {=IF(OR((AM$67>=$AW$11:$AW$74)*(AM$48<=$AX$11:$AX$74)>0),$B75,"")} | AN75: {=IF(OR((AN$67>=$AW$11:$AW$74)*(AN$48<=$AX$11:$AX$74)>0),$B75,"")} | AO75: {=IF(OR((AO$67>=$AW$11:$AW$74)*(AO$48<=$AX$11:$AX$74)>0),$B75,"")} | AP75: {=IF(OR((AP$67>=$AW$11:$AW$74)*(AP$48<=$AX$11:$AX$74)>0),$B75,"")} | AQ75: {=IF(OR((AQ$67>=$AW$11:$AW$74)*(AQ$48<=$AX$11:$AX$74)>0),$B75,"")} | AR75: {=IF(OR((AR$67>=$AW$11:$AW$74)*(AR$48<=$AX$11:$AX$74)>0),$B75,"")} | AS75: {=IF(OR((AS$67>=$AW$11:$AW$74)*(AS$48<=$AX$11:$AX$74)>0),$B75,"")} | AT75: {=IF(OR((AT$67>=$AW$11:$AW$74)*(AT$48<=$AX$11:$AX$74)>0),$B75,"")} | ... BS75: {=IF(OR((BS$67>=$AW$11:$AW$74)*(BS$48<=$AX$11:$AX$74)>0),$B75,"")} | BU75: ROAD SPIKES, TRAINING: 200 RUBBER SPIKES | BV75: 2 | BW75: {=IF(OR((BW$67>=$AW$11:$AW$74)*(BW$48<=$AX$11:$AX$74)>0),$B75,"")} | BX75: {=IF(OR((BX$67>=$AW$11:$AW$74)*(BX$48<=$AX$11:$AX$74)>0),$B75,"")} | BY75: {=IF(OR((BY$67>=$AW$11:$AW$74)*(BY$48<=$AX$11:$AX$74)>0),$B75,"")} | BZ75: {=IF(OR((BZ$67>=$AW$11:$AW$74)*(BZ$48<=$AX$11:$AX$74)>0),$B75,"")} | CA75: {=IF(OR((CA$67>=$AW$11:$AW$74)*(CA$48<=$AX$11:$AX$74)>0),$B75,"")} | CB75: {=IF(OR((CB$67>=$AW$11:$AW$74)*(CB$48<=$AX$11:$AX$74)>0),$B75,"")} | CC75: {=IF(OR((CC$67>=$AW$11:$AW$74)*(CC$48<=$AX$11:$AX$74)>0),$B75,"")} | CD75: {=IF(OR((CD$67>=$AW$11:$AW$74)*(CD$48<=$AX$11:$AX$74)>0),$B75,"")} | ... DC75: {=IF(OR((DC$67>=$AW$11:$AW$74)*(DC$48<=$AX$11:$AX$74)>0),$B75,"")}
A76: HAMMER, HAND: MATT BLACK, 90CM LG | B76: 3 | C76: {=IF(OR((C$67>=$AW$11:$AW$74)*(C$48<=$AX$11:$AX$74)>0),$B76,"")} | D76: {=IF(OR((D$67>=$AW$11:$AW$74)*(D$48<=$AX$11:$AX$74)>0),$B76,"")} | E76: {=IF(OR((E$67>=$AW$11:$AW$74)*(E$48<=$AX$11:$AX$74)>0),$B76,"")} | F76: {=IF(OR((F$67>=$AW$11:$AW$74)*(F$48<=$AX$11:$AX$74)>0),$B76,"")} | G76: {=IF(OR((G$67>=$AW$11:$AW$74)*(G$48<=$AX$11:$AX$74)>0),$B76,"")} | H76: {=IF(OR((H$67>=$AW$11:$AW$74)*(H$48<=$AX$11:$AX$74)>0),$B76,"")} | I76: {=IF(OR((I$67>=$AW$11:$AW$74)*(I$48<=$AX$11:$AX$74)>0),$B76,"")} | J76: {=IF(OR((J$67>=$AW$11:$AW$74)*(J$48<=$AX$11:$AX$74)>0),$B76,"")} | ... AI76: {=IF(OR((AI$67>=$AW$11:$AW$74)*(AI$48<=$AX$11:$AX$74)>0),$B76,"")} | AK76: HAMMER, HAND: MATT BLACK, 90CM LG | AL76: 3 | AM76: {=IF(OR((AM$67>=$AW$11:$AW$74)*(AM$48<=$AX$11:$AX$74)>0),$B76,"")} | AN76: {=IF(OR((AN$67>=$AW$11:$AW$74)*(AN$48<=$AX$11:$AX$74)>0),$B76,"")} | AO76: {=IF(OR((AO$67>=$AW$11:$AW$74)*(AO$48<=$AX$11:$AX$74)>0),$B76,"")} | AP76: {=IF(OR((AP$67>=$AW$11:$AW$74)*(AP$48<=$AX$11:$AX$74)>0),$B76,"")} | AQ76: {=IF(OR((AQ$67>=$AW$11:$AW$74)*(AQ$48<=$AX$11:$AX$74)>0),$B76,"")} | AR76: {=IF(OR((AR$67>=$AW$11:$AW$74)*(AR$48<=$AX$11:$AX$74)>0),$B76,"")} | AS76: {=IF(OR((AS$67>=$AW$11:$AW$74)*(AS$48<=$AX$11:$AX$74)>0),$B76,"")} | AT76: {=IF(OR((AT$67>=$AW$11:$AW$74)*(AT$48<=$AX$11:$AX$74)>0),$B76,"")} | ... BS76: {=IF(OR((BS$67>=$AW$11:$AW$74)*(BS$48<=$AX$11:$AX$74)>0),$B76,"")} | BU76: HAMMER, HAND: MATT BLACK, 90CM LG | BV76: 3 | BW76: {=IF(OR((BW$67>=$AW$11:$AW$74)*(BW$48<=$AX$11:$AX$74)>0),$B76,"")} | BX76: {=IF(OR((BX$67>=$AW$11:$AW$74)*(BX$48<=$AX$11:$AX$74)>0),$B76,"")} | BY76: {=IF(OR((BY$67>=$AW$11:$AW$74)*(BY$48<=$AX$11:$AX$74)>0),$B76,"")} | BZ76: {=IF(OR((BZ$67>=$AW$11:$AW$74)*(BZ$48<=$AX$11:$AX$74)>0),$B76,"")} | CA76: {=IF(OR((CA$67>=$AW$11:$AW$74)*(CA$48<=$AX$11:$AX$74)>0),$B76,"")} | CB76: {=IF(OR((CB$67>=$AW$11:$AW$74)*(CB$48<=$AX$11:$AX$74)>0),$B76,"")} | CC76: {=IF(OR((CC$67>=$AW$11:$AW$74)*(CC$48<=$AX$11:$AX$74)>0),$B76,"")} | CD76: {=IF(OR((CD$67>=$AW$11:$AW$74)*(CD$48<=$AX$11:$AX$74)>0),$B76,"")} | ... DC76: {=IF(OR((DC$67>=$AW$11:$AW$74)*(DC$48<=$AX$11:$AX$74)>0),$B76,"")}
A77: CUTTER, BOLT: MATT BLACK, 70CM LG | B77: 3 | C77: {=IF(OR((C$67>=$AW$11:$AW$74)*(C$48<=$AX$11:$AX$74)>0),$B77,"")} | D77: {=IF(OR((D$67>=$AW$11:$AW$74)*(D$48<=$AX$11:$AX$74)>0),$B77,"")} | E77: {=IF(OR((E$67>=$AW$11:$AW$74)*(E$48<=$AX$11:$AX$74)>0),$B77,"")} | F77: {=IF(OR((F$67>=$AW$11:$AW$74)*(F$48<=$AX$11:$AX$74)>0),$B77,"")} | G77: {=IF(OR((G$67>=$AW$11:$AW$74)*(G$48<=$AX$11:$AX$74)>0),$B77,"")} | H77: {=IF(OR((H$67>=$AW$11:$AW$74)*(H$48<=$AX$11:$AX$74)>0),$B77,"")} | I77: {=IF(OR((I$67>=$AW$11:$AW$74)*(I$48<=$AX$11:$AX$74)>0),$B77,"")} | J77: {=IF(OR((J$67>=$AW$11:$AW$74)*(J$48<=$AX$11:$AX$74)>0),$B77,"")} | ... AI77: {=IF(OR((AI$67>=$AW$11:$AW$74)*(AI$48<=$AX$11:$AX$74)>0),$B77,"")} | AK77: CUTTER, BOLT: MATT BLACK, 70CM LG | AL77: 3 | AM77: {=IF(OR((AM$67>=$AW$11:$AW$74)*(AM$48<=$AX$11:$AX$74)>0),$B77,"")} | AN77: {=IF(OR((AN$67>=$AW$11:$AW$74)*(AN$48<=$AX$11:$AX$74)>0),$B77,"")} | AO77: {=IF(OR((AO$67>=$AW$11:$AW$74)*(AO$48<=$AX$11:$AX$74)>0),$B77,"")} | AP77: {=IF(OR((AP$67>=$AW$11:$AW$74)*(AP$48<=$AX$11:$AX$74)>0),$B77,"")} | AQ77: {=IF(OR((AQ$67>=$AW$11:$AW$74)*(AQ$48<=$AX$11:$AX$74)>0),$B77,"")} | AR77: {=IF(OR((AR$67>=$AW$11:$AW$74)*(AR$48<=$AX$11:$AX$74)>0),$B77,"")} | AS77: {=IF(OR((AS$67>=$AW$11:$AW$74)*(AS$48<=$AX$11:$AX$74)>0),$B77,"")} | AT77: {=IF(OR((AT$67>=$AW$11:$AW$74)*(AT$48<=$AX$11:$AX$74)>0),$B77,"")} | ... BS77: {=IF(OR((BS$67>=$AW$11:$AW$74)*(BS$48<=$AX$11:$AX$74)>0),$B77,"")} | BU77: CUTTER, BOLT: MATT BLACK, 70CM LG | BV77: 3 | BW77: {=IF(OR((BW$67>=$AW$11:$AW$74)*(BW$48<=$AX$11:$AX$74)>0),$B77,"")} | BX77: {=IF(OR((BX$67>=$AW$11:$AW$74)*(BX$48<=$AX$11:$AX$74)>0),$B77,"")} | BY77: {=IF(OR((BY$67>=$AW$11:$AW$74)*(BY$48<=$AX$11:$AX$74)>0),$B77,"")} | BZ77: {=IF(OR((BZ$67>=$AW$11:$AW$74)*(BZ$48<=$AX$11:$AX$74)>0),$B77,"")} | CA77: {=IF(OR((CA$67>=$AW$11:$AW$74)*(CA$48<=$AX$11:$AX$74)>0),$B77,"")} | CB77: {=IF(OR((CB$67>=$AW$11:$AW$74)*(CB$48<=$AX$11:$AX$74)>0),$B77,"")} | CC77: {=IF(OR((CC$67>=$AW$11:$AW$74)*(CC$48<=$AX$11:$AX$74)>0),$B77,"")} | CD77: {=IF(OR((CD$67>=$AW$11:$AW$74)*(CD$48<=$AX$11:$AX$74)>0),$B77,"")} | ... DC77: {=IF(OR((DC$67>=$AW$11:$AW$74)*(DC$48<=$AX$11:$AX$74)>0),$B77,"")}
A78: CROWBAR : MATT BLACK, 20 IN. LG | B78: 3 | C78: {=IF(OR((C$67>=$AW$11:$AW$74)*(C$48<=$AX$11:$AX$74)>0),$B78,"")} | D78: {=IF(OR((D$67>=$AW$11:$AW$74)*(D$48<=$AX$11:$AX$74)>0),$B78,"")} | E78: {=IF(OR((E$67>=$AW$11:$AW$74)*(E$48<=$AX$11:$AX$74)>0),$B78,"")} | F78: {=IF(OR((F$67>=$AW$11:$AW$74)*(F$48<=$AX$11:$AX$74)>0),$B78,"")} | G78: {=IF(OR((G$67>=$AW$11:$AW$74)*(G$48<=$AX$11:$AX$74)>0),$B78,"")} | H78: {=IF(OR((H$67>=$AW$11:$AW$74)*(H$48<=$AX$11:$AX$74)>0),$B78,"")} | I78: {=IF(OR((I$67>=$AW$11:$AW$74)*(I$48<=$AX$11:$AX$74)>0),$B78,"")} | J78: {=IF(OR((J$67>=$AW$11:$AW$74)*(J$48<=$AX$11:$AX$74)>0),$B78,"")} | ... AI78: {=IF(OR((AI$67>=$AW$11:$AW$74)*(AI$48<=$AX$11:$AX$74)>0),$B78,"")} | AK78: CROWBAR : MATT BLACK, 20 IN. LG | AL78: 3 | AM78: {=IF(OR((AM$67>=$AW$11:$AW$74)*(AM$48<=$AX$11:$AX$74)>0),$B78,"")} | AN78: {=IF(OR((AN$67>=$AW$11:$AW$74)*(AN$48<=$AX$11:$AX$74)>0),$B78,"")} | AO78: {=IF(OR((AO$67>=$AW$11:$AW$74)*(AO$48<=$AX$11:$AX$74)>0),$B78,"")} | AP78: {=IF(OR((AP$67>=$AW$11:$AW$74)*(AP$48<=$AX$11:$AX$74)>0),$B78,"")} | AQ78: {=IF(OR((AQ$67>=$AW$11:$AW$74)*(AQ$48<=$AX$11:$AX$74)>0),$B78,"")} | AR78: {=IF(OR((AR$67>=$AW$11:$AW$74)*(AR$48<=$AX$11:$AX$74)>0),$B78,"")} | AS78: {=IF(OR((AS$67>=$AW$11:$AW$74)*(AS$48<=$AX$11:$AX$74)>0),$B78,"")} | AT78: {=IF(OR((AT$67>=$AW$11:$AW$74)*(AT$48<=$AX$11:$AX$74)>0),$B78,"")} | ... BS78: {=IF(OR((BS$67>=$AW$11:$AW$74)*(BS$48<=$AX$11:$AX$74)>0),$B78,"")} | BU78: CROWBAR : MATT BLACK, 20 IN. LG | BV78: 3 | BW78: {=IF(OR((BW$67>=$AW$11:$AW$74)*(BW$48<=$AX$11:$AX$74)>0),$B78,"")} | BX78: {=IF(OR((BX$67>=$AW$11:$AW$74)*(BX$48<=$AX$11:$AX$74)>0),$B78,"")} | BY78: {=IF(OR((BY$67>=$AW$11:$AW$74)*(BY$48<=$AX$11:$AX$74)>0),$B78,"")} | BZ78: {=IF(OR((BZ$67>=$AW$11:$AW$74)*(BZ$48<=$AX$11:$AX$74)>0),$B78,"")} | CA78: {=IF(OR((CA$67>=$AW$11:$AW$74)*(CA$48<=$AX$11:$AX$74)>0),$B78,"")} | CB78: {=IF(OR((CB$67>=$AW$11:$AW$74)*(CB$48<=$AX$11:$AX$74)>0),$B78,"")} | CC78: {=IF(OR((CC$67>=$AW$11:$AW$74)*(CC$48<=$AX$11:$AX$74)>0),$B78,"")} | CD78: {=IF(OR((CD$67>=$AW$11:$AW$74)*(CD$48<=$AX$11:$AX$74)>0),$B78,"")} | ... DC78: {=IF(OR((DC$67>=$AW$11:$AW$74)*(DC$48<=$AX$11:$AX$74)>0),$B78,"")}
A79: MIRROR, INSPECTION: F/TELESCOPIC | B79: 5 | C79: {=IF(OR((C$67>=$AW$11:$AW$74)*(C$48<=$AX$11:$AX$74)>0),$B79,"")} | D79: {=IF(OR((D$67>=$AW$11:$AW$74)*(D$48<=$AX$11:$AX$74)>0),$B79,"")} | E79: {=IF(OR((E$67>=$AW$11:$AW$74)*(E$48<=$AX$11:$AX$74)>0),$B79,"")} | F79: {=IF(OR((F$67>=$AW$11:$AW$74)*(F$48<=$AX$11:$AX$74)>0),$B79,"")} | G79: {=IF(OR((G$67>=$AW$11:$AW$74)*(G$48<=$AX$11:$AX$74)>0),$B79,"")} | H79: {=IF(OR((H$67>=$AW$11:$AW$74)*(H$48<=$AX$11:$AX$74)>0),$B79,"")} | I79: {=IF(OR((I$67>=$AW$11:$AW$74)*(I$48<=$AX$11:$AX$74)>0),$B79,"")} | J79: {=IF(OR((J$67>=$AW$11:$AW$74)*(J$48<=$AX$11:$AX$74)>0),$B79,"")} | ... AI79: {=IF(OR((AI$67>=$AW$11:$AW$74)*(AI$48<=$AX$11:$AX$74)>0),$B79,"")} | AK79: MIRROR, INSPECTION: F/TELESCOPIC | AL79: 5 | AM79: {=IF(OR((AM$67>=$AW$11:$AW$74)*(AM$48<=$AX$11:$AX$74)>0),$B79,"")} | AN79: {=IF(OR((AN$67>=$AW$11:$AW$74)*(AN$48<=$AX$11:$AX$74)>0),$B79,"")} | AO79: {=IF(OR((AO$67>=$AW$11:$AW$74)*(AO$48<=$AX$11:$AX$74)>0),$B79,"")} | AP79: {=IF(OR((AP$67>=$AW$11:$AW$74)*(AP$48<=$AX$11:$AX$74)>0),$B79,"")} | AQ79: {=IF(OR((AQ$67>=$AW$11:$AW$74)*(AQ$48<=$AX$11:$AX$74)>0),$B79,"")} | AR79: {=IF(OR((AR$67>=$AW$11:$AW$74)*(AR$48<=$AX$11:$AX$74)>0),$B79,"")} | AS79: {=IF(OR((AS$67>=$AW$11:$AW$74)*(AS$48<=$AX$11:$AX$74)>0),$B79,"")} | AT79: {=IF(OR((AT$67>=$AW$11:$AW$74)*(AT$48<=$AX$11:$AX$74)>0),$B79,"")} | ... BS79: {=IF(OR((BS$67>=$AW$11:$AW$74)*(BS$48<=$AX$11:$AX$74)>0),$B79,"")} | BU79: MIRROR, INSPECTION: F/TELESCOPIC | BV79: 5 | BW79: {=IF(OR((BW$67>=$AW$11:$AW$74)*(BW$48<=$AX$11:$AX$74)>0),$B79,"")} | BX79: {=IF(OR((BX$67>=$AW$11:$AW$74)*(BX$48<=$AX$11:$AX$74)>0),$B79,"")} | BY79: {=IF(OR((BY$67>=$AW$11:$AW$74)*(BY$48<=$AX$11:$AX$74)>0),$B79,"")} | BZ79: {=IF(OR((BZ$67>=$AW$11:$AW$74)*(BZ$48<=$AX$11:$AX$74)>0),$B79,"")} | CA79: {=IF(OR((CA$67>=$AW$11:$AW$74)*(CA$48<=$AX$11:$AX$74)>0),$B79,"")} | CB79: {=IF(OR((CB$67>=$AW$11:$AW$74)*(CB$48<=$AX$11:$AX$74)>0),$B79,"")} | CC79: {=IF(OR((CC$67>=$AW$11:$AW$74)*(CC$48<=$AX$11:$AX$74)>0),$B79,"")} | CD79: {=IF(OR((CD$67>=$AW$11:$AW$74)*(CD$48<=$AX$11:$AX$74)>0),$B79,"")} | ... DC79: {=IF(OR((DC$67>=$AW$11:$AW$74)*(DC$48<=$AX$11:$AX$74)>0),$B79,"")}
... A82: LAMP, FLUORESCENT: WEAPON WITH MOUNT | B82: 5 | C82: {=IF(OR((C$67>=$AW$11:$AW$74)*(C$48<=$AX$11:$AX$74)>0),$B82,"")} | D82: {=IF(OR((D$67>=$AW$11:$AW$74)*(D$48<=$AX$11:$AX$74)>0),$B82,"")} | E82: {=IF(OR((E$67>=$AW$11:$AW$74)*(E$48<=$AX$11:$AX$74)>0),$B82,"")} | F82: {=IF(OR((F$67>=$AW$11:$AW$74)*(F$48<=$AX$11:$AX$74)>0),$B82,"")} | G82: {=IF(OR((G$67>=$AW$11:$AW$74)*(G$48<=$AX$11:$AX$74)>0),$B82,"")} | H82: {=IF(OR((H$67>=$AW$11:$AW$74)*(H$48<=$AX$11:$AX$74)>0),$B82,"")} | I82: {=IF(OR((I$67>=$AW$11:$AW$74)*(I$48<=$AX$11:$AX$74)>0),$B82,"")} | J82: {=IF(OR((J$67>=$AW$11:$AW$74)*(J$48<=$AX$11:$AX$74)>0),$B82,"")} | ... AI82: {=IF(OR((AI$67>=$AW$11:$AW$74)*(AI$48<=$AX$11:$AX$74)>0),$B82,"")} | AK82: LAMP, FLUORESCENT: WEAPON WITH MOUNT | AL82: 5 | AM82: {=IF(OR((AM$67>=$AW$11:$AW$74)*(AM$48<=$AX$11:$AX$74)>0),$B82,"")} | AN82: {=IF(OR((AN$67>=$AW$11:$AW$74)*(AN$48<=$AX$11:$AX$74)>0),$B82,"")} | AO82: {=IF(OR((AO$67>=$AW$11:$AW$74)*(AO$48<=$AX$11:$AX$74)>0),$B82,"")} | AP82: {=IF(OR((AP$67>=$AW$11:$AW$74)*(AP$48<=$AX$11:$AX$74)>0),$B82,"")} | AQ82: {=IF(OR((AQ$67>=$AW$11:$AW$74)*(AQ$48<=$AX$11:$AX$74)>0),$B82,"")} | AR82: {=IF(OR((AR$67>=$AW$11:$AW$74)*(AR$48<=$AX$11:$AX$74)>0),$B82,"")} | AS82: {=IF(OR((AS$67>=$AW$11:$AW$74)*(AS$48<=$AX$11:$AX$74)>0),$B82,"")} | AT82: {=IF(OR((AT$67>=$AW$11:$AW$74)*(AT$48<=$AX$11:$AX$74)>0),$B82,"")} | ... BS82: {=IF(OR((BS$67>=$AW$11:$AW$74)*(BS$48<=$AX$11:$AX$74)>0),$B82,"")} | BU82: LAMP, FLUORESCENT: WEAPON WITH MOUNT | BV82: 5 | BW82: {=IF(OR((BW$67>=$AW$11:$AW$74)*(BW$48<=$AX$11:$AX$74)>0),$B82,"")} | BX82: {=IF(OR((BX$67>=$AW$11:$AW$74)*(BX$48<=$AX$11:$AX$74)>0),$B82,"")} | BY82: {=IF(OR((BY$67>=$AW$11:$AW$74)*(BY$48<=$AX$11:$AX$74)>0),$B82,"")} | BZ82: {=IF(OR((BZ$67>=$AW$11:$AW$74)*(BZ$48<=$AX$11:$AX$74)>0),$B82,"")} | CA82: {=IF(OR((CA$67>=$AW$11:$AW$74)*(CA$48<=$AX$11:$AX$74)>0),$B82,"")} | CB82: {=IF(OR((CB$67>=$AW$11:$AW$74)*(CB$48<=$AX$11:$AX$74)>0),$B82,"")} | CC82: {=IF(OR((CC$67>=$AW$11:$AW$74)*(CC$48<=$AX$11:$AX$74)>0),$B82,"")} | CD82: {=IF(OR((CD$67>=$AW$11:$AW$74)*(CD$48<=$AX$11:$AX$74)>0),$B82,"")} | ... DC82: {=IF(OR((DC$67>=$AW$11:$AW$74)*(DC$48<=$AX$11:$AX$74)>0),$B82,"")}
A84: PANTES | AK84: PANTES | BU84: PANTES
B85: Default | C85: =EOMONTH($A$1,-1) -> 46265 | D85: =C85+1 -> 46266 | E85: =D85+1 -> 46267 | F85: =E85+1 -> 46268 | G85: =F85+1 -> 46269 | H85: =G85+1 -> 46270 | I85: =H85+1 -> 46271 | J85: =I85+1 -> 46272 | K85: =J85+1 -> 46273 | ... AI85: =AH85+1 -> 46297 | AL85: Default | AM85: =EOMONTH($A$1,-1) -> 46265 | AN85: =AM85+1 -> 46266 | AO85: =AN85+1 -> 46267 | AP85: =AO85+1 -> 46268 | AQ85: =AP85+1 -> 46269 | AR85: =AQ85+1 -> 46270 | AS85: =AR85+1 -> 46271 | AT85: =AS85+1 -> 46272 | AU85: =AT85+1 -> 46273 | ... BS85: =BR85+1 -> 46297 | BV85: Default | BW85: =EOMONTH($A$1,-1) -> 46265 | BX85: =BW85+1 -> 46266 | BY85: =BX85+1 -> 46267 | BZ85: =BY85+1 -> 46268 | CA85: =BZ85+1 -> 46269 | CB85: =CA85+1 -> 46270 | CC85: =CB85+1 -> 46271 | CD85: =CC85+1 -> 46272 | CE85: =CD85+1 -> 46273 | ... DC85: =DB85+1 -> 46297
A86: Soldier Sensor and Transmitter | AK86: Soldier Sensor and Transmitter | BU86: Soldier Sensor and Transmitter
A87: PAN MWLD | B87: 288 | C87: {=IF(OR((C$85>=$AY$11:$AY$38)*(C$48<=$AZ$11:$AZ$38)>0),$B87,"")} | D87: {=IF(OR((D$85>=$AY$11:$AY$38)*(D$48<=$AZ$11:$AZ$38)>0),$B87,"")} | E87: {=IF(OR((E$85>=$AY$11:$AY$38)*(E$48<=$AZ$11:$AZ$38)>0),$B87,"")} | F87: {=IF(OR((F$85>=$AY$11:$AY$38)*(F$48<=$AZ$11:$AZ$38)>0),$B87,"")} | G87: {=IF(OR((G$85>=$AY$11:$AY$38)*(G$48<=$AZ$11:$AZ$38)>0),$B87,"")} | H87: {=IF(OR((H$85>=$AY$11:$AY$38)*(H$48<=$AZ$11:$AZ$38)>0),$B87,"")} | I87: {=IF(OR((I$85>=$AY$11:$AY$38)*(I$48<=$AZ$11:$AZ$38)>0),$B87,"")} | J87: {=IF(OR((J$85>=$AY$11:$AY$38)*(J$48<=$AZ$11:$AZ$38)>0),$B87,"")} | ... N87: {=IF(OR((N$85>=$AY$11:$AY$38)*(N$48<=$AZ$11:$AZ$38)>0),$B87,"")} | Q87: {=IF(OR((Q$85>=$AY$11:$AY$38)*(Q$48<=$AZ$11:$AZ$38)>0),$B87,"")} | R87: {=IF(OR((R$85>=$AY$11:$AY$38)*(R$48<=$AZ$11:$AZ$38)>0),$B87,"")} | S87: {=IF(OR((S$85>=$AY$11:$AY$38)*(S$48<=$AZ$11:$AZ$38)>0),$B87,"")} | T87: {=IF(OR((T$85>=$AY$11:$AY$38)*(T$48<=$AZ$11:$AZ$38)>0),$B87,"")} | U87: {=IF(OR((U$85>=$AY$11:$AY$38)*(U$48<=$AZ$11:$AZ$38)>0),$B87,"")} | V87: {=IF(OR((V$85>=$AY$11:$AY$38)*(V$48<=$AZ$11:$AZ$38)>0),$B87,"")} | W87: {=IF(OR((W$85>=$AY$11:$AY$38)*(W$48<=$AZ$11:$AZ$38)>0),$B87,"")} | X87: {=IF(OR((X$85>=$AY$11:$AY$38)*(X$48<=$AZ$11:$AZ$38)>0),$B87,"")} | ... AI87: {=IF(OR((AI$85>=$AY$11:$AY$38)*(AI$48<=$AZ$11:$AZ$38)>0),$B87,"")} | AK87: PAN MWLD | AL87: 288 | AM87: {=IF(OR((AM$85>=$AY$11:$AY$38)*(AM$48<=$AZ$11:$AZ$38)>0),$B87,"")} | AN87: {=IF(OR((AN$85>=$AY$11:$AY$38)*(AN$48<=$AZ$11:$AZ$38)>0),$B87,"")} | AO87: {=IF(OR((AO$85>=$AY$11:$AY$38)*(AO$48<=$AZ$11:$AZ$38)>0),$B87,"")} | AP87: {=IF(OR((AP$85>=$AY$11:$AY$38)*(AP$48<=$AZ$11:$AZ$38)>0),$B87,"")} | AQ87: {=IF(OR((AQ$85>=$AY$11:$AY$38)*(AQ$48<=$AZ$11:$AZ$38)>0),$B87,"")} | AR87: {=IF(OR((AR$85>=$AY$11:$AY$38)*(AR$48<=$AZ$11:$AZ$38)>0),$B87,"")} | AS87: {=IF(OR((AS$85>=$AY$11:$AY$38)*(AS$48<=$AZ$11:$AZ$38)>0),$B87,"")} | AT87: {=IF(OR((AT$85>=$AY$11:$AY$38)*(AT$48<=$AZ$11:$AZ$38)>0),$B87,"")} | ... AX87: {=IF(OR((AX$85>=$AY$11:$AY$38)*(AX$48<=$AZ$11:$AZ$38)>0),$B87,"")} | BA87: {=IF(OR((BA$85>=$AY$11:$AY$38)*(BA$48<=$AZ$11:$AZ$38)>0),$B87,"")} | BB87: {=IF(OR((BB$85>=$AY$11:$AY$38)*(BB$48<=$AZ$11:$AZ$38)>0),$B87,"")} | BC87: {=IF(OR((BC$85>=$AY$11:$AY$38)*(BC$48<=$AZ$11:$AZ$38)>0),$B87,"")} | BD87: {=IF(OR((BD$85>=$AY$11:$AY$38)*(BD$48<=$AZ$11:$AZ$38)>0),$B87,"")} | BE87: {=IF(OR((BE$85>=$AY$11:$AY$38)*(BE$48<=$AZ$11:$AZ$38)>0),$B87,"")} | BF87: {=IF(OR((BF$85>=$AY$11:$AY$38)*(BF$48<=$AZ$11:$AZ$38)>0),$B87,"")} | BG87: {=IF(OR((BG$85>=$AY$11:$AY$38)*(BG$48<=$AZ$11:$AZ$38)>0),$B87,"")} | BH87: {=IF(OR((BH$85>=$AY$11:$AY$38)*(BH$48<=$AZ$11:$AZ$38)>0),$B87,"")} | ... BS87: {=IF(OR((BS$85>=$AY$11:$AY$38)*(BS$48<=$AZ$11:$AZ$38)>0),$B87,"")} | BU87: PAN MWLD | BV87: 288 | BW87: {=IF(OR((BW$85>=$AY$11:$AY$38)*(BW$48<=$AZ$11:$AZ$38)>0),$B87,"")} | BX87: {=IF(OR((BX$85>=$AY$11:$AY$38)*(BX$48<=$AZ$11:$AZ$38)>0),$B87,"")} | BY87: {=IF(OR((BY$85>=$AY$11:$AY$38)*(BY$48<=$AZ$11:$AZ$38)>0),$B87,"")} | BZ87: {=IF(OR((BZ$85>=$AY$11:$AY$38)*(BZ$48<=$AZ$11:$AZ$38)>0),$B87,"")} | CA87: {=IF(OR((CA$85>=$AY$11:$AY$38)*(CA$48<=$AZ$11:$AZ$38)>0),$B87,"")} | CB87: {=IF(OR((CB$85>=$AY$11:$AY$38)*(CB$48<=$AZ$11:$AZ$38)>0),$B87,"")} | CC87: {=IF(OR((CC$85>=$AY$11:$AY$38)*(CC$48<=$AZ$11:$AZ$38)>0),$B87,"")} | CD87: {=IF(OR((CD$85>=$AY$11:$AY$38)*(CD$48<=$AZ$11:$AZ$38)>0),$B87,"")} | ... CH87: {=IF(OR((CH$85>=$AY$11:$AY$38)*(CH$48<=$AZ$11:$AZ$38)>0),$B87,"")} | CK87: {=IF(OR((CK$85>=$AY$11:$AY$38)*(CK$48<=$AZ$11:$AZ$38)>0),$B87,"")} | CL87: {=IF(OR((CL$85>=$AY$11:$AY$38)*(CL$48<=$AZ$11:$AZ$38)>0),$B87,"")} | CM87: {=IF(OR((CM$85>=$AY$11:$AY$38)*(CM$48<=$AZ$11:$AZ$38)>0),$B87,"")} | CN87: {=IF(OR((CN$85>=$AY$11:$AY$38)*(CN$48<=$AZ$11:$AZ$38)>0),$B87,"")} | CO87: {=IF(OR((CO$85>=$AY$11:$AY$38)*(CO$48<=$AZ$11:$AZ$38)>0),$B87,"")} | CP87: {=IF(OR((CP$85>=$AY$11:$AY$38)*(CP$48<=$AZ$11:$AZ$38)>0),$B87,"")} | CQ87: {=IF(OR((CQ$85>=$AY$11:$AY$38)*(CQ$48<=$AZ$11:$AZ$38)>0),$B87,"")} | CR87: {=IF(OR((CR$85>=$AY$11:$AY$38)*(CR$48<=$AZ$11:$AZ$38)>0),$B87,"")} | ... DC87: {=IF(OR((DC$85>=$AY$11:$AY$38)*(DC$48<=$AZ$11:$AZ$38)>0),$B87,"")}
A88: PAN SFT:IW (SAR21/M16/AR15) | B88: 216 | C88: {=IF(OR((C$85>=$AY$11:$AY$38)*(C$48<=$AZ$11:$AZ$38)>0),$B88,"")} | D88: {=IF(OR((D$85>=$AY$11:$AY$38)*(D$48<=$AZ$11:$AZ$38)>0),$B88,"")} | E88: {=IF(OR((E$85>=$AY$11:$AY$38)*(E$48<=$AZ$11:$AZ$38)>0),$B88,"")} | F88: {=IF(OR((F$85>=$AY$11:$AY$38)*(F$48<=$AZ$11:$AZ$38)>0),$B88,"")} | G88: {=IF(OR((G$85>=$AY$11:$AY$38)*(G$48<=$AZ$11:$AZ$38)>0),$B88,"")} | H88: {=IF(OR((H$85>=$AY$11:$AY$38)*(H$48<=$AZ$11:$AZ$38)>0),$B88,"")} | I88: {=IF(OR((I$85>=$AY$11:$AY$38)*(I$48<=$AZ$11:$AZ$38)>0),$B88,"")} | J88: {=IF(OR((J$85>=$AY$11:$AY$38)*(J$48<=$AZ$11:$AZ$38)>0),$B88,"")} | ... N88: {=IF(OR((N$85>=$AY$11:$AY$38)*(N$48<=$AZ$11:$AZ$38)>0),$B88,"")} | Q88: {=IF(OR((Q$85>=$AY$11:$AY$38)*(Q$48<=$AZ$11:$AZ$38)>0),$B88,"")} | R88: {=IF(OR((R$85>=$AY$11:$AY$38)*(R$48<=$AZ$11:$AZ$38)>0),$B88,"")} | S88: {=IF(OR((S$85>=$AY$11:$AY$38)*(S$48<=$AZ$11:$AZ$38)>0),$B88,"")} | T88: {=IF(OR((T$85>=$AY$11:$AY$38)*(T$48<=$AZ$11:$AZ$38)>0),$B88,"")} | U88: {=IF(OR((U$85>=$AY$11:$AY$38)*(U$48<=$AZ$11:$AZ$38)>0),$B88,"")} | V88: {=IF(OR((V$85>=$AY$11:$AY$38)*(V$48<=$AZ$11:$AZ$38)>0),$B88,"")} | W88: {=IF(OR((W$85>=$AY$11:$AY$38)*(W$48<=$AZ$11:$AZ$38)>0),$B88,"")} | X88: {=IF(OR((X$85>=$AY$11:$AY$38)*(X$48<=$AZ$11:$AZ$38)>0),$B88,"")} | ... AI88: {=IF(OR((AI$85>=$AY$11:$AY$38)*(AI$48<=$AZ$11:$AZ$38)>0),$B88,"")} | AK88: PAN SFT:IW (SAR21/M16/AR15) | AL88: 216 | AM88: {=IF(OR((AM$85>=$AY$11:$AY$38)*(AM$48<=$AZ$11:$AZ$38)>0),$B88,"")} | AN88: {=IF(OR((AN$85>=$AY$11:$AY$38)*(AN$48<=$AZ$11:$AZ$38)>0),$B88,"")} | AO88: {=IF(OR((AO$85>=$AY$11:$AY$38)*(AO$48<=$AZ$11:$AZ$38)>0),$B88,"")} | AP88: {=IF(OR((AP$85>=$AY$11:$AY$38)*(AP$48<=$AZ$11:$AZ$38)>0),$B88,"")} | AQ88: {=IF(OR((AQ$85>=$AY$11:$AY$38)*(AQ$48<=$AZ$11:$AZ$38)>0),$B88,"")} | AR88: {=IF(OR((AR$85>=$AY$11:$AY$38)*(AR$48<=$AZ$11:$AZ$38)>0),$B88,"")} | AS88: {=IF(OR((AS$85>=$AY$11:$AY$38)*(AS$48<=$AZ$11:$AZ$38)>0),$B88,"")} | AT88: {=IF(OR((AT$85>=$AY$11:$AY$38)*(AT$48<=$AZ$11:$AZ$38)>0),$B88,"")} | ... AX88: {=IF(OR((AX$85>=$AY$11:$AY$38)*(AX$48<=$AZ$11:$AZ$38)>0),$B88,"")} | BA88: {=IF(OR((BA$85>=$AY$11:$AY$38)*(BA$48<=$AZ$11:$AZ$38)>0),$B88,"")} | BB88: {=IF(OR((BB$85>=$AY$11:$AY$38)*(BB$48<=$AZ$11:$AZ$38)>0),$B88,"")} | BC88: {=IF(OR((BC$85>=$AY$11:$AY$38)*(BC$48<=$AZ$11:$AZ$38)>0),$B88,"")} | BD88: {=IF(OR((BD$85>=$AY$11:$AY$38)*(BD$48<=$AZ$11:$AZ$38)>0),$B88,"")} | BE88: {=IF(OR((BE$85>=$AY$11:$AY$38)*(BE$48<=$AZ$11:$AZ$38)>0),$B88,"")} | BF88: {=IF(OR((BF$85>=$AY$11:$AY$38)*(BF$48<=$AZ$11:$AZ$38)>0),$B88,"")} | BG88: {=IF(OR((BG$85>=$AY$11:$AY$38)*(BG$48<=$AZ$11:$AZ$38)>0),$B88,"")} | BH88: {=IF(OR((BH$85>=$AY$11:$AY$38)*(BH$48<=$AZ$11:$AZ$38)>0),$B88,"")} | ... BS88: {=IF(OR((BS$85>=$AY$11:$AY$38)*(BS$48<=$AZ$11:$AZ$38)>0),$B88,"")} | BU88: PAN SFT:IW (SAR21/M16/AR15) | BV88: 216 | BW88: {=IF(OR((BW$85>=$AY$11:$AY$38)*(BW$48<=$AZ$11:$AZ$38)>0),$B88,"")} | BX88: {=IF(OR((BX$85>=$AY$11:$AY$38)*(BX$48<=$AZ$11:$AZ$38)>0),$B88,"")} | BY88: {=IF(OR((BY$85>=$AY$11:$AY$38)*(BY$48<=$AZ$11:$AZ$38)>0),$B88,"")} | BZ88: {=IF(OR((BZ$85>=$AY$11:$AY$38)*(BZ$48<=$AZ$11:$AZ$38)>0),$B88,"")} | CA88: {=IF(OR((CA$85>=$AY$11:$AY$38)*(CA$48<=$AZ$11:$AZ$38)>0),$B88,"")} | CB88: {=IF(OR((CB$85>=$AY$11:$AY$38)*(CB$48<=$AZ$11:$AZ$38)>0),$B88,"")} | CC88: {=IF(OR((CC$85>=$AY$11:$AY$38)*(CC$48<=$AZ$11:$AZ$38)>0),$B88,"")} | CD88: {=IF(OR((CD$85>=$AY$11:$AY$38)*(CD$48<=$AZ$11:$AZ$38)>0),$B88,"")} | ... CH88: {=IF(OR((CH$85>=$AY$11:$AY$38)*(CH$48<=$AZ$11:$AZ$38)>0),$B88,"")} | CK88: {=IF(OR((CK$85>=$AY$11:$AY$38)*(CK$48<=$AZ$11:$AZ$38)>0),$B88,"")} | CL88: {=IF(OR((CL$85>=$AY$11:$AY$38)*(CL$48<=$AZ$11:$AZ$38)>0),$B88,"")} | CM88: {=IF(OR((CM$85>=$AY$11:$AY$38)*(CM$48<=$AZ$11:$AZ$38)>0),$B88,"")} | CN88: {=IF(OR((CN$85>=$AY$11:$AY$38)*(CN$48<=$AZ$11:$AZ$38)>0),$B88,"")} | CO88: {=IF(OR((CO$85>=$AY$11:$AY$38)*(CO$48<=$AZ$11:$AZ$38)>0),$B88,"")} | CP88: {=IF(OR((CP$85>=$AY$11:$AY$38)*(CP$48<=$AZ$11:$AZ$38)>0),$B88,"")} | CQ88: {=IF(OR((CQ$85>=$AY$11:$AY$38)*(CQ$48<=$AZ$11:$AZ$38)>0),$B88,"")} | CR88: {=IF(OR((CR$85>=$AY$11:$AY$38)*(CR$48<=$AZ$11:$AZ$38)>0),$B88,"")} | ... DC88: {=IF(OR((DC$85>=$AY$11:$AY$38)*(DC$48<=$AZ$11:$AZ$38)>0),$B88,"")}
A89: PAN SFT: IW c/w SLAT Clamp (M203) | B89: 48 | C89: {=IF(OR((C$85>=$AY$11:$AY$38)*(C$48<=$AZ$11:$AZ$38)>0),$B89,"")} | D89: {=IF(OR((D$85>=$AY$11:$AY$38)*(D$48<=$AZ$11:$AZ$38)>0),$B89,"")} | E89: {=IF(OR((E$85>=$AY$11:$AY$38)*(E$48<=$AZ$11:$AZ$38)>0),$B89,"")} | F89: {=IF(OR((F$85>=$AY$11:$AY$38)*(F$48<=$AZ$11:$AZ$38)>0),$B89,"")} | G89: {=IF(OR((G$85>=$AY$11:$AY$38)*(G$48<=$AZ$11:$AZ$38)>0),$B89,"")} | H89: {=IF(OR((H$85>=$AY$11:$AY$38)*(H$48<=$AZ$11:$AZ$38)>0),$B89,"")} | I89: {=IF(OR((I$85>=$AY$11:$AY$38)*(I$48<=$AZ$11:$AZ$38)>0),$B89,"")} | J89: {=IF(OR((J$85>=$AY$11:$AY$38)*(J$48<=$AZ$11:$AZ$38)>0),$B89,"")} | ... N89: {=IF(OR((N$85>=$AY$11:$AY$38)*(N$48<=$AZ$11:$AZ$38)>0),$B89,"")} | Q89: {=IF(OR((Q$85>=$AY$11:$AY$38)*(Q$48<=$AZ$11:$AZ$38)>0),$B89,"")} | R89: {=IF(OR((R$85>=$AY$11:$AY$38)*(R$48<=$AZ$11:$AZ$38)>0),$B89,"")} | S89: {=IF(OR((S$85>=$AY$11:$AY$38)*(S$48<=$AZ$11:$AZ$38)>0),$B89,"")} | T89: {=IF(OR((T$85>=$AY$11:$AY$38)*(T$48<=$AZ$11:$AZ$38)>0),$B89,"")} | U89: {=IF(OR((U$85>=$AY$11:$AY$38)*(U$48<=$AZ$11:$AZ$38)>0),$B89,"")} | V89: {=IF(OR((V$85>=$AY$11:$AY$38)*(V$48<=$AZ$11:$AZ$38)>0),$B89,"")} | W89: {=IF(OR((W$85>=$AY$11:$AY$38)*(W$48<=$AZ$11:$AZ$38)>0),$B89,"")} | X89: {=IF(OR((X$85>=$AY$11:$AY$38)*(X$48<=$AZ$11:$AZ$38)>0),$B89,"")} | ... AI89: {=IF(OR((AI$85>=$AY$11:$AY$38)*(AI$48<=$AZ$11:$AZ$38)>0),$B89,"")} | AK89: PAN SFT: IW c/w SLAT Clamp (M203) | AL89: 48 | AM89: {=IF(OR((AM$85>=$AY$11:$AY$38)*(AM$48<=$AZ$11:$AZ$38)>0),$B89,"")} | AN89: {=IF(OR((AN$85>=$AY$11:$AY$38)*(AN$48<=$AZ$11:$AZ$38)>0),$B89,"")} | AO89: {=IF(OR((AO$85>=$AY$11:$AY$38)*(AO$48<=$AZ$11:$AZ$38)>0),$B89,"")} | AP89: {=IF(OR((AP$85>=$AY$11:$AY$38)*(AP$48<=$AZ$11:$AZ$38)>0),$B89,"")} | AQ89: {=IF(OR((AQ$85>=$AY$11:$AY$38)*(AQ$48<=$AZ$11:$AZ$38)>0),$B89,"")} | AR89: {=IF(OR((AR$85>=$AY$11:$AY$38)*(AR$48<=$AZ$11:$AZ$38)>0),$B89,"")} | AS89: {=IF(OR((AS$85>=$AY$11:$AY$38)*(AS$48<=$AZ$11:$AZ$38)>0),$B89,"")} | AT89: {=IF(OR((AT$85>=$AY$11:$AY$38)*(AT$48<=$AZ$11:$AZ$38)>0),$B89,"")} | ... AX89: {=IF(OR((AX$85>=$AY$11:$AY$38)*(AX$48<=$AZ$11:$AZ$38)>0),$B89,"")} | BA89: {=IF(OR((BA$85>=$AY$11:$AY$38)*(BA$48<=$AZ$11:$AZ$38)>0),$B89,"")} | BB89: {=IF(OR((BB$85>=$AY$11:$AY$38)*(BB$48<=$AZ$11:$AZ$38)>0),$B89,"")} | BC89: {=IF(OR((BC$85>=$AY$11:$AY$38)*(BC$48<=$AZ$11:$AZ$38)>0),$B89,"")} | BD89: {=IF(OR((BD$85>=$AY$11:$AY$38)*(BD$48<=$AZ$11:$AZ$38)>0),$B89,"")} | BE89: {=IF(OR((BE$85>=$AY$11:$AY$38)*(BE$48<=$AZ$11:$AZ$38)>0),$B89,"")} | BF89: {=IF(OR((BF$85>=$AY$11:$AY$38)*(BF$48<=$AZ$11:$AZ$38)>0),$B89,"")} | BG89: {=IF(OR((BG$85>=$AY$11:$AY$38)*(BG$48<=$AZ$11:$AZ$38)>0),$B89,"")} | BH89: {=IF(OR((BH$85>=$AY$11:$AY$38)*(BH$48<=$AZ$11:$AZ$38)>0),$B89,"")} | ... BS89: {=IF(OR((BS$85>=$AY$11:$AY$38)*(BS$48<=$AZ$11:$AZ$38)>0),$B89,"")} | BU89: PAN SFT: IW c/w SLAT Clamp (M203) | BV89: 48 | BW89: {=IF(OR((BW$85>=$AY$11:$AY$38)*(BW$48<=$AZ$11:$AZ$38)>0),$B89,"")} | BX89: {=IF(OR((BX$85>=$AY$11:$AY$38)*(BX$48<=$AZ$11:$AZ$38)>0),$B89,"")} | BY89: {=IF(OR((BY$85>=$AY$11:$AY$38)*(BY$48<=$AZ$11:$AZ$38)>0),$B89,"")} | BZ89: {=IF(OR((BZ$85>=$AY$11:$AY$38)*(BZ$48<=$AZ$11:$AZ$38)>0),$B89,"")} | CA89: {=IF(OR((CA$85>=$AY$11:$AY$38)*(CA$48<=$AZ$11:$AZ$38)>0),$B89,"")} | CB89: {=IF(OR((CB$85>=$AY$11:$AY$38)*(CB$48<=$AZ$11:$AZ$38)>0),$B89,"")} | CC89: {=IF(OR((CC$85>=$AY$11:$AY$38)*(CC$48<=$AZ$11:$AZ$38)>0),$B89,"")} | CD89: {=IF(OR((CD$85>=$AY$11:$AY$38)*(CD$48<=$AZ$11:$AZ$38)>0),$B89,"")} | ... CH89: {=IF(OR((CH$85>=$AY$11:$AY$38)*(CH$48<=$AZ$11:$AZ$38)>0),$B89,"")} | CK89: {=IF(OR((CK$85>=$AY$11:$AY$38)*(CK$48<=$AZ$11:$AZ$38)>0),$B89,"")} | CL89: {=IF(OR((CL$85>=$AY$11:$AY$38)*(CL$48<=$AZ$11:$AZ$38)>0),$B89,"")} | CM89: {=IF(OR((CM$85>=$AY$11:$AY$38)*(CM$48<=$AZ$11:$AZ$38)>0),$B89,"")} | CN89: {=IF(OR((CN$85>=$AY$11:$AY$38)*(CN$48<=$AZ$11:$AZ$38)>0),$B89,"")} | CO89: {=IF(OR((CO$85>=$AY$11:$AY$38)*(CO$48<=$AZ$11:$AZ$38)>0),$B89,"")} | CP89: {=IF(OR((CP$85>=$AY$11:$AY$38)*(CP$48<=$AZ$11:$AZ$38)>0),$B89,"")} | CQ89: {=IF(OR((CQ$85>=$AY$11:$AY$38)*(CQ$48<=$AZ$11:$AZ$38)>0),$B89,"")} | CR89: {=IF(OR((CR$85>=$AY$11:$AY$38)*(CR$48<=$AZ$11:$AZ$38)>0),$B89,"")} | ... DC89: {=IF(OR((DC$85>=$AY$11:$AY$38)*(DC$48<=$AZ$11:$AZ$38)>0),$B89,"")}
A90: PAN M203: SLAT | B90: 48 | C90: {=IF(OR((C$85>=$AY$11:$AY$38)*(C$48<=$AZ$11:$AZ$38)>0),$B90,"")} | D90: {=IF(OR((D$85>=$AY$11:$AY$38)*(D$48<=$AZ$11:$AZ$38)>0),$B90,"")} | E90: {=IF(OR((E$85>=$AY$11:$AY$38)*(E$48<=$AZ$11:$AZ$38)>0),$B90,"")} | F90: {=IF(OR((F$85>=$AY$11:$AY$38)*(F$48<=$AZ$11:$AZ$38)>0),$B90,"")} | G90: {=IF(OR((G$85>=$AY$11:$AY$38)*(G$48<=$AZ$11:$AZ$38)>0),$B90,"")} | H90: {=IF(OR((H$85>=$AY$11:$AY$38)*(H$48<=$AZ$11:$AZ$38)>0),$B90,"")} | I90: {=IF(OR((I$85>=$AY$11:$AY$38)*(I$48<=$AZ$11:$AZ$38)>0),$B90,"")} | J90: {=IF(OR((J$85>=$AY$11:$AY$38)*(J$48<=$AZ$11:$AZ$38)>0),$B90,"")} | ... N90: {=IF(OR((N$85>=$AY$11:$AY$38)*(N$48<=$AZ$11:$AZ$38)>0),$B90,"")} | Q90: {=IF(OR((Q$85>=$AY$11:$AY$38)*(Q$48<=$AZ$11:$AZ$38)>0),$B90,"")} | R90: {=IF(OR((R$85>=$AY$11:$AY$38)*(R$48<=$AZ$11:$AZ$38)>0),$B90,"")} | S90: {=IF(OR((S$85>=$AY$11:$AY$38)*(S$48<=$AZ$11:$AZ$38)>0),$B90,"")} | T90: {=IF(OR((T$85>=$AY$11:$AY$38)*(T$48<=$AZ$11:$AZ$38)>0),$B90,"")} | U90: {=IF(OR((U$85>=$AY$11:$AY$38)*(U$48<=$AZ$11:$AZ$38)>0),$B90,"")} | V90: {=IF(OR((V$85>=$AY$11:$AY$38)*(V$48<=$AZ$11:$AZ$38)>0),$B90,"")} | W90: {=IF(OR((W$85>=$AY$11:$AY$38)*(W$48<=$AZ$11:$AZ$38)>0),$B90,"")} | X90: {=IF(OR((X$85>=$AY$11:$AY$38)*(X$48<=$AZ$11:$AZ$38)>0),$B90,"")} | ... AI90: {=IF(OR((AI$85>=$AY$11:$AY$38)*(AI$48<=$AZ$11:$AZ$38)>0),$B90,"")} | AK90: PAN M203: SLAT | AL90: 48 | AM90: {=IF(OR((AM$85>=$AY$11:$AY$38)*(AM$48<=$AZ$11:$AZ$38)>0),$B90,"")} | AN90: {=IF(OR((AN$85>=$AY$11:$AY$38)*(AN$48<=$AZ$11:$AZ$38)>0),$B90,"")} | AO90: {=IF(OR((AO$85>=$AY$11:$AY$38)*(AO$48<=$AZ$11:$AZ$38)>0),$B90,"")} | AP90: {=IF(OR((AP$85>=$AY$11:$AY$38)*(AP$48<=$AZ$11:$AZ$38)>0),$B90,"")} | AQ90: {=IF(OR((AQ$85>=$AY$11:$AY$38)*(AQ$48<=$AZ$11:$AZ$38)>0),$B90,"")} | AR90: {=IF(OR((AR$85>=$AY$11:$AY$38)*(AR$48<=$AZ$11:$AZ$38)>0),$B90,"")} | AS90: {=IF(OR((AS$85>=$AY$11:$AY$38)*(AS$48<=$AZ$11:$AZ$38)>0),$B90,"")} | AT90: {=IF(OR((AT$85>=$AY$11:$AY$38)*(AT$48<=$AZ$11:$AZ$38)>0),$B90,"")} | ... AX90: {=IF(OR((AX$85>=$AY$11:$AY$38)*(AX$48<=$AZ$11:$AZ$38)>0),$B90,"")} | BA90: {=IF(OR((BA$85>=$AY$11:$AY$38)*(BA$48<=$AZ$11:$AZ$38)>0),$B90,"")} | BB90: {=IF(OR((BB$85>=$AY$11:$AY$38)*(BB$48<=$AZ$11:$AZ$38)>0),$B90,"")} | BC90: {=IF(OR((BC$85>=$AY$11:$AY$38)*(BC$48<=$AZ$11:$AZ$38)>0),$B90,"")} | BD90: {=IF(OR((BD$85>=$AY$11:$AY$38)*(BD$48<=$AZ$11:$AZ$38)>0),$B90,"")} | BE90: {=IF(OR((BE$85>=$AY$11:$AY$38)*(BE$48<=$AZ$11:$AZ$38)>0),$B90,"")} | BF90: {=IF(OR((BF$85>=$AY$11:$AY$38)*(BF$48<=$AZ$11:$AZ$38)>0),$B90,"")} | BG90: {=IF(OR((BG$85>=$AY$11:$AY$38)*(BG$48<=$AZ$11:$AZ$38)>0),$B90,"")} | BH90: {=IF(OR((BH$85>=$AY$11:$AY$38)*(BH$48<=$AZ$11:$AZ$38)>0),$B90,"")} | ... BS90: {=IF(OR((BS$85>=$AY$11:$AY$38)*(BS$48<=$AZ$11:$AZ$38)>0),$B90,"")} | BU90: PAN M203: SLAT | BV90: 48 | BW90: {=IF(OR((BW$85>=$AY$11:$AY$38)*(BW$48<=$AZ$11:$AZ$38)>0),$B90,"")} | BX90: {=IF(OR((BX$85>=$AY$11:$AY$38)*(BX$48<=$AZ$11:$AZ$38)>0),$B90,"")} | BY90: {=IF(OR((BY$85>=$AY$11:$AY$38)*(BY$48<=$AZ$11:$AZ$38)>0),$B90,"")} | BZ90: {=IF(OR((BZ$85>=$AY$11:$AY$38)*(BZ$48<=$AZ$11:$AZ$38)>0),$B90,"")} | CA90: {=IF(OR((CA$85>=$AY$11:$AY$38)*(CA$48<=$AZ$11:$AZ$38)>0),$B90,"")} | CB90: {=IF(OR((CB$85>=$AY$11:$AY$38)*(CB$48<=$AZ$11:$AZ$38)>0),$B90,"")} | CC90: {=IF(OR((CC$85>=$AY$11:$AY$38)*(CC$48<=$AZ$11:$AZ$38)>0),$B90,"")} | CD90: {=IF(OR((CD$85>=$AY$11:$AY$38)*(CD$48<=$AZ$11:$AZ$38)>0),$B90,"")} | ... CH90: {=IF(OR((CH$85>=$AY$11:$AY$38)*(CH$48<=$AZ$11:$AZ$38)>0),$B90,"")} | CK90: {=IF(OR((CK$85>=$AY$11:$AY$38)*(CK$48<=$AZ$11:$AZ$38)>0),$B90,"")} | CL90: {=IF(OR((CL$85>=$AY$11:$AY$38)*(CL$48<=$AZ$11:$AZ$38)>0),$B90,"")} | CM90: {=IF(OR((CM$85>=$AY$11:$AY$38)*(CM$48<=$AZ$11:$AZ$38)>0),$B90,"")} | CN90: {=IF(OR((CN$85>=$AY$11:$AY$38)*(CN$48<=$AZ$11:$AZ$38)>0),$B90,"")} | CO90: {=IF(OR((CO$85>=$AY$11:$AY$38)*(CO$48<=$AZ$11:$AZ$38)>0),$B90,"")} | CP90: {=IF(OR((CP$85>=$AY$11:$AY$38)*(CP$48<=$AZ$11:$AZ$38)>0),$B90,"")} | CQ90: {=IF(OR((CQ$85>=$AY$11:$AY$38)*(CQ$48<=$AZ$11:$AZ$38)>0),$B90,"")} | CR90: {=IF(OR((CR$85>=$AY$11:$AY$38)*(CR$48<=$AZ$11:$AZ$38)>0),$B90,"")} | ... DC90: {=IF(OR((DC$85>=$AY$11:$AY$38)*(DC$48<=$AZ$11:$AZ$38)>0),$B90,"")}
A91: PAN SFT: SAW | B91: 48 | C91: {=IF(OR((C$85>=$AY$11:$AY$38)*(C$48<=$AZ$11:$AZ$38)>0),$B91,"")} | D91: {=IF(OR((D$85>=$AY$11:$AY$38)*(D$48<=$AZ$11:$AZ$38)>0),$B91,"")} | E91: {=IF(OR((E$85>=$AY$11:$AY$38)*(E$48<=$AZ$11:$AZ$38)>0),$B91,"")} | F91: {=IF(OR((F$85>=$AY$11:$AY$38)*(F$48<=$AZ$11:$AZ$38)>0),$B91,"")} | G91: {=IF(OR((G$85>=$AY$11:$AY$38)*(G$48<=$AZ$11:$AZ$38)>0),$B91,"")} | H91: {=IF(OR((H$85>=$AY$11:$AY$38)*(H$48<=$AZ$11:$AZ$38)>0),$B91,"")} | I91: {=IF(OR((I$85>=$AY$11:$AY$38)*(I$48<=$AZ$11:$AZ$38)>0),$B91,"")} | J91: {=IF(OR((J$85>=$AY$11:$AY$38)*(J$48<=$AZ$11:$AZ$38)>0),$B91,"")} | ... N91: {=IF(OR((N$85>=$AY$11:$AY$38)*(N$48<=$AZ$11:$AZ$38)>0),$B91,"")} | Q91: {=IF(OR((Q$85>=$AY$11:$AY$38)*(Q$48<=$AZ$11:$AZ$38)>0),$B91,"")} | R91: {=IF(OR((R$85>=$AY$11:$AY$38)*(R$48<=$AZ$11:$AZ$38)>0),$B91,"")} | S91: {=IF(OR((S$85>=$AY$11:$AY$38)*(S$48<=$AZ$11:$AZ$38)>0),$B91,"")} | T91: {=IF(OR((T$85>=$AY$11:$AY$38)*(T$48<=$AZ$11:$AZ$38)>0),$B91,"")} | U91: {=IF(OR((U$85>=$AY$11:$AY$38)*(U$48<=$AZ$11:$AZ$38)>0),$B91,"")} | V91: {=IF(OR((V$85>=$AY$11:$AY$38)*(V$48<=$AZ$11:$AZ$38)>0),$B91,"")} | W91: {=IF(OR((W$85>=$AY$11:$AY$38)*(W$48<=$AZ$11:$AZ$38)>0),$B91,"")} | X91: {=IF(OR((X$85>=$AY$11:$AY$38)*(X$48<=$AZ$11:$AZ$38)>0),$B91,"")} | ... AI91: {=IF(OR((AI$85>=$AY$11:$AY$38)*(AI$48<=$AZ$11:$AZ$38)>0),$B91,"")} | AK91: PAN SFT: SAW | AL91: 48 | AM91: {=IF(OR((AM$85>=$AY$11:$AY$38)*(AM$48<=$AZ$11:$AZ$38)>0),$B91,"")} | AN91: {=IF(OR((AN$85>=$AY$11:$AY$38)*(AN$48<=$AZ$11:$AZ$38)>0),$B91,"")} | AO91: {=IF(OR((AO$85>=$AY$11:$AY$38)*(AO$48<=$AZ$11:$AZ$38)>0),$B91,"")} | AP91: {=IF(OR((AP$85>=$AY$11:$AY$38)*(AP$48<=$AZ$11:$AZ$38)>0),$B91,"")} | AQ91: {=IF(OR((AQ$85>=$AY$11:$AY$38)*(AQ$48<=$AZ$11:$AZ$38)>0),$B91,"")} | AR91: {=IF(OR((AR$85>=$AY$11:$AY$38)*(AR$48<=$AZ$11:$AZ$38)>0),$B91,"")} | AS91: {=IF(OR((AS$85>=$AY$11:$AY$38)*(AS$48<=$AZ$11:$AZ$38)>0),$B91,"")} | AT91: {=IF(OR((AT$85>=$AY$11:$AY$38)*(AT$48<=$AZ$11:$AZ$38)>0),$B91,"")} | ... AX91: {=IF(OR((AX$85>=$AY$11:$AY$38)*(AX$48<=$AZ$11:$AZ$38)>0),$B91,"")} | BA91: {=IF(OR((BA$85>=$AY$11:$AY$38)*(BA$48<=$AZ$11:$AZ$38)>0),$B91,"")} | BB91: {=IF(OR((BB$85>=$AY$11:$AY$38)*(BB$48<=$AZ$11:$AZ$38)>0),$B91,"")} | BC91: {=IF(OR((BC$85>=$AY$11:$AY$38)*(BC$48<=$AZ$11:$AZ$38)>0),$B91,"")} | BD91: {=IF(OR((BD$85>=$AY$11:$AY$38)*(BD$48<=$AZ$11:$AZ$38)>0),$B91,"")} | BE91: {=IF(OR((BE$85>=$AY$11:$AY$38)*(BE$48<=$AZ$11:$AZ$38)>0),$B91,"")} | BF91: {=IF(OR((BF$85>=$AY$11:$AY$38)*(BF$48<=$AZ$11:$AZ$38)>0),$B91,"")} | BG91: {=IF(OR((BG$85>=$AY$11:$AY$38)*(BG$48<=$AZ$11:$AZ$38)>0),$B91,"")} | BH91: {=IF(OR((BH$85>=$AY$11:$AY$38)*(BH$48<=$AZ$11:$AZ$38)>0),$B91,"")} | ... BS91: {=IF(OR((BS$85>=$AY$11:$AY$38)*(BS$48<=$AZ$11:$AZ$38)>0),$B91,"")} | BU91: PAN SFT: SAW | BV91: 48 | BW91: {=IF(OR((BW$85>=$AY$11:$AY$38)*(BW$48<=$AZ$11:$AZ$38)>0),$B91,"")} | BX91: {=IF(OR((BX$85>=$AY$11:$AY$38)*(BX$48<=$AZ$11:$AZ$38)>0),$B91,"")} | BY91: {=IF(OR((BY$85>=$AY$11:$AY$38)*(BY$48<=$AZ$11:$AZ$38)>0),$B91,"")} | BZ91: {=IF(OR((BZ$85>=$AY$11:$AY$38)*(BZ$48<=$AZ$11:$AZ$38)>0),$B91,"")} | CA91: {=IF(OR((CA$85>=$AY$11:$AY$38)*(CA$48<=$AZ$11:$AZ$38)>0),$B91,"")} | CB91: {=IF(OR((CB$85>=$AY$11:$AY$38)*(CB$48<=$AZ$11:$AZ$38)>0),$B91,"")} | CC91: {=IF(OR((CC$85>=$AY$11:$AY$38)*(CC$48<=$AZ$11:$AZ$38)>0),$B91,"")} | CD91: {=IF(OR((CD$85>=$AY$11:$AY$38)*(CD$48<=$AZ$11:$AZ$38)>0),$B91,"")} | ... CH91: {=IF(OR((CH$85>=$AY$11:$AY$38)*(CH$48<=$AZ$11:$AZ$38)>0),$B91,"")} | CK91: {=IF(OR((CK$85>=$AY$11:$AY$38)*(CK$48<=$AZ$11:$AZ$38)>0),$B91,"")} | CL91: {=IF(OR((CL$85>=$AY$11:$AY$38)*(CL$48<=$AZ$11:$AZ$38)>0),$B91,"")} | CM91: {=IF(OR((CM$85>=$AY$11:$AY$38)*(CM$48<=$AZ$11:$AZ$38)>0),$B91,"")} | CN91: {=IF(OR((CN$85>=$AY$11:$AY$38)*(CN$48<=$AZ$11:$AZ$38)>0),$B91,"")} | CO91: {=IF(OR((CO$85>=$AY$11:$AY$38)*(CO$48<=$AZ$11:$AZ$38)>0),$B91,"")} | CP91: {=IF(OR((CP$85>=$AY$11:$AY$38)*(CP$48<=$AZ$11:$AZ$38)>0),$B91,"")} | CQ91: {=IF(OR((CQ$85>=$AY$11:$AY$38)*(CQ$48<=$AZ$11:$AZ$38)>0),$B91,"")} | CR91: {=IF(OR((CR$85>=$AY$11:$AY$38)*(CR$48<=$AZ$11:$AZ$38)>0),$B91,"")} | ... DC91: {=IF(OR((DC$85>=$AY$11:$AY$38)*(DC$48<=$AZ$11:$AZ$38)>0),$B91,"")}
A92: PAN SFT: GPMG | B92: 16 | C92: {=IF(OR((C$85>=$AY$11:$AY$38)*(C$48<=$AZ$11:$AZ$38)>0),$B92,"")} | D92: {=IF(OR((D$85>=$AY$11:$AY$38)*(D$48<=$AZ$11:$AZ$38)>0),$B92,"")} | E92: {=IF(OR((E$85>=$AY$11:$AY$38)*(E$48<=$AZ$11:$AZ$38)>0),$B92,"")} | F92: {=IF(OR((F$85>=$AY$11:$AY$38)*(F$48<=$AZ$11:$AZ$38)>0),$B92,"")} | G92: {=IF(OR((G$85>=$AY$11:$AY$38)*(G$48<=$AZ$11:$AZ$38)>0),$B92,"")} | H92: {=IF(OR((H$85>=$AY$11:$AY$38)*(H$48<=$AZ$11:$AZ$38)>0),$B92,"")} | I92: {=IF(OR((I$85>=$AY$11:$AY$38)*(I$48<=$AZ$11:$AZ$38)>0),$B92,"")} | J92: {=IF(OR((J$85>=$AY$11:$AY$38)*(J$48<=$AZ$11:$AZ$38)>0),$B92,"")} | ... N92: {=IF(OR((N$85>=$AY$11:$AY$38)*(N$48<=$AZ$11:$AZ$38)>0),$B92,"")} | Q92: {=IF(OR((Q$85>=$AY$11:$AY$38)*(Q$48<=$AZ$11:$AZ$38)>0),$B92,"")} | R92: {=IF(OR((R$85>=$AY$11:$AY$38)*(R$48<=$AZ$11:$AZ$38)>0),$B92,"")} | S92: {=IF(OR((S$85>=$AY$11:$AY$38)*(S$48<=$AZ$11:$AZ$38)>0),$B92,"")} | T92: {=IF(OR((T$85>=$AY$11:$AY$38)*(T$48<=$AZ$11:$AZ$38)>0),$B92,"")} | U92: {=IF(OR((U$85>=$AY$11:$AY$38)*(U$48<=$AZ$11:$AZ$38)>0),$B92,"")} | V92: {=IF(OR((V$85>=$AY$11:$AY$38)*(V$48<=$AZ$11:$AZ$38)>0),$B92,"")} | W92: {=IF(OR((W$85>=$AY$11:$AY$38)*(W$48<=$AZ$11:$AZ$38)>0),$B92,"")} | X92: {=IF(OR((X$85>=$AY$11:$AY$38)*(X$48<=$AZ$11:$AZ$38)>0),$B92,"")} | ... AI92: {=IF(OR((AI$85>=$AY$11:$AY$38)*(AI$48<=$AZ$11:$AZ$38)>0),$B92,"")} | AK92: PAN SFT: GPMG | AL92: 16 | AM92: {=IF(OR((AM$85>=$AY$11:$AY$38)*(AM$48<=$AZ$11:$AZ$38)>0),$B92,"")} | AN92: {=IF(OR((AN$85>=$AY$11:$AY$38)*(AN$48<=$AZ$11:$AZ$38)>0),$B92,"")} | AO92: {=IF(OR((AO$85>=$AY$11:$AY$38)*(AO$48<=$AZ$11:$AZ$38)>0),$B92,"")} | AP92: {=IF(OR((AP$85>=$AY$11:$AY$38)*(AP$48<=$AZ$11:$AZ$38)>0),$B92,"")} | AQ92: {=IF(OR((AQ$85>=$AY$11:$AY$38)*(AQ$48<=$AZ$11:$AZ$38)>0),$B92,"")} | AR92: {=IF(OR((AR$85>=$AY$11:$AY$38)*(AR$48<=$AZ$11:$AZ$38)>0),$B92,"")} | AS92: {=IF(OR((AS$85>=$AY$11:$AY$38)*(AS$48<=$AZ$11:$AZ$38)>0),$B92,"")} | AT92: {=IF(OR((AT$85>=$AY$11:$AY$38)*(AT$48<=$AZ$11:$AZ$38)>0),$B92,"")} | ... AX92: {=IF(OR((AX$85>=$AY$11:$AY$38)*(AX$48<=$AZ$11:$AZ$38)>0),$B92,"")} | BA92: {=IF(OR((BA$85>=$AY$11:$AY$38)*(BA$48<=$AZ$11:$AZ$38)>0),$B92,"")} | BB92: {=IF(OR((BB$85>=$AY$11:$AY$38)*(BB$48<=$AZ$11:$AZ$38)>0),$B92,"")} | BC92: {=IF(OR((BC$85>=$AY$11:$AY$38)*(BC$48<=$AZ$11:$AZ$38)>0),$B92,"")} | BD92: {=IF(OR((BD$85>=$AY$11:$AY$38)*(BD$48<=$AZ$11:$AZ$38)>0),$B92,"")} | BE92: {=IF(OR((BE$85>=$AY$11:$AY$38)*(BE$48<=$AZ$11:$AZ$38)>0),$B92,"")} | BF92: {=IF(OR((BF$85>=$AY$11:$AY$38)*(BF$48<=$AZ$11:$AZ$38)>0),$B92,"")} | BG92: {=IF(OR((BG$85>=$AY$11:$AY$38)*(BG$48<=$AZ$11:$AZ$38)>0),$B92,"")} | BH92: {=IF(OR((BH$85>=$AY$11:$AY$38)*(BH$48<=$AZ$11:$AZ$38)>0),$B92,"")} | ... BS92: {=IF(OR((BS$85>=$AY$11:$AY$38)*(BS$48<=$AZ$11:$AZ$38)>0),$B92,"")} | BU92: PAN SFT: GPMG | BV92: 16 | BW92: {=IF(OR((BW$85>=$AY$11:$AY$38)*(BW$48<=$AZ$11:$AZ$38)>0),$B92,"")} | BX92: {=IF(OR((BX$85>=$AY$11:$AY$38)*(BX$48<=$AZ$11:$AZ$38)>0),$B92,"")} | BY92: {=IF(OR((BY$85>=$AY$11:$AY$38)*(BY$48<=$AZ$11:$AZ$38)>0),$B92,"")} | BZ92: {=IF(OR((BZ$85>=$AY$11:$AY$38)*(BZ$48<=$AZ$11:$AZ$38)>0),$B92,"")} | CA92: {=IF(OR((CA$85>=$AY$11:$AY$38)*(CA$48<=$AZ$11:$AZ$38)>0),$B92,"")} | CB92: {=IF(OR((CB$85>=$AY$11:$AY$38)*(CB$48<=$AZ$11:$AZ$38)>0),$B92,"")} | CC92: {=IF(OR((CC$85>=$AY$11:$AY$38)*(CC$48<=$AZ$11:$AZ$38)>0),$B92,"")} | CD92: {=IF(OR((CD$85>=$AY$11:$AY$38)*(CD$48<=$AZ$11:$AZ$38)>0),$B92,"")} | ... CH92: {=IF(OR((CH$85>=$AY$11:$AY$38)*(CH$48<=$AZ$11:$AZ$38)>0),$B92,"")} | CK92: {=IF(OR((CK$85>=$AY$11:$AY$38)*(CK$48<=$AZ$11:$AZ$38)>0),$B92,"")} | CL92: {=IF(OR((CL$85>=$AY$11:$AY$38)*(CL$48<=$AZ$11:$AZ$38)>0),$B92,"")} | CM92: {=IF(OR((CM$85>=$AY$11:$AY$38)*(CM$48<=$AZ$11:$AZ$38)>0),$B92,"")} | CN92: {=IF(OR((CN$85>=$AY$11:$AY$38)*(CN$48<=$AZ$11:$AZ$38)>0),$B92,"")} | CO92: {=IF(OR((CO$85>=$AY$11:$AY$38)*(CO$48<=$AZ$11:$AZ$38)>0),$B92,"")} | CP92: {=IF(OR((CP$85>=$AY$11:$AY$38)*(CP$48<=$AZ$11:$AZ$38)>0),$B92,"")} | CQ92: {=IF(OR((CQ$85>=$AY$11:$AY$38)*(CQ$48<=$AZ$11:$AZ$38)>0),$B92,"")} | CR92: {=IF(OR((CR$85>=$AY$11:$AY$38)*(CR$48<=$AZ$11:$AZ$38)>0),$B92,"")} | ... DC92: {=IF(OR((DC$85>=$AY$11:$AY$38)*(DC$48<=$AZ$11:$AZ$38)>0),$B92,"")}
A93: Claymore Mines | B93: 32 | C93: {=IF(OR((C$85>=$AY$11:$AY$38)*(C$48<=$AZ$11:$AZ$38)>0),$B93,"")} | D93: {=IF(OR((D$85>=$AY$11:$AY$38)*(D$48<=$AZ$11:$AZ$38)>0),$B93,"")} | E93: {=IF(OR((E$85>=$AY$11:$AY$38)*(E$48<=$AZ$11:$AZ$38)>0),$B93,"")} | F93: {=IF(OR((F$85>=$AY$11:$AY$38)*(F$48<=$AZ$11:$AZ$38)>0),$B93,"")} | G93: {=IF(OR((G$85>=$AY$11:$AY$38)*(G$48<=$AZ$11:$AZ$38)>0),$B93,"")} | H93: {=IF(OR((H$85>=$AY$11:$AY$38)*(H$48<=$AZ$11:$AZ$38)>0),$B93,"")} | I93: {=IF(OR((I$85>=$AY$11:$AY$38)*(I$48<=$AZ$11:$AZ$38)>0),$B93,"")} | J93: {=IF(OR((J$85>=$AY$11:$AY$38)*(J$48<=$AZ$11:$AZ$38)>0),$B93,"")} | ... N93: {=IF(OR((N$85>=$AY$11:$AY$38)*(N$48<=$AZ$11:$AZ$38)>0),$B93,"")} | Q93: {=IF(OR((Q$85>=$AY$11:$AY$38)*(Q$48<=$AZ$11:$AZ$38)>0),$B93,"")} | R93: {=IF(OR((R$85>=$AY$11:$AY$38)*(R$48<=$AZ$11:$AZ$38)>0),$B93,"")} | S93: {=IF(OR((S$85>=$AY$11:$AY$38)*(S$48<=$AZ$11:$AZ$38)>0),$B93,"")} | T93: {=IF(OR((T$85>=$AY$11:$AY$38)*(T$48<=$AZ$11:$AZ$38)>0),$B93,"")} | U93: {=IF(OR((U$85>=$AY$11:$AY$38)*(U$48<=$AZ$11:$AZ$38)>0),$B93,"")} | V93: {=IF(OR((V$85>=$AY$11:$AY$38)*(V$48<=$AZ$11:$AZ$38)>0),$B93,"")} | W93: {=IF(OR((W$85>=$AY$11:$AY$38)*(W$48<=$AZ$11:$AZ$38)>0),$B93,"")} | X93: {=IF(OR((X$85>=$AY$11:$AY$38)*(X$48<=$AZ$11:$AZ$38)>0),$B93,"")} | ... AI93: {=IF(OR((AI$85>=$AY$11:$AY$38)*(AI$48<=$AZ$11:$AZ$38)>0),$B93,"")} | AK93: Claymore Mines | AL93: 32 | AM93: {=IF(OR((AM$85>=$AY$11:$AY$38)*(AM$48<=$AZ$11:$AZ$38)>0),$B93,"")} | AN93: {=IF(OR((AN$85>=$AY$11:$AY$38)*(AN$48<=$AZ$11:$AZ$38)>0),$B93,"")} | AO93: {=IF(OR((AO$85>=$AY$11:$AY$38)*(AO$48<=$AZ$11:$AZ$38)>0),$B93,"")} | AP93: {=IF(OR((AP$85>=$AY$11:$AY$38)*(AP$48<=$AZ$11:$AZ$38)>0),$B93,"")} | AQ93: {=IF(OR((AQ$85>=$AY$11:$AY$38)*(AQ$48<=$AZ$11:$AZ$38)>0),$B93,"")} | AR93: {=IF(OR((AR$85>=$AY$11:$AY$38)*(AR$48<=$AZ$11:$AZ$38)>0),$B93,"")} | AS93: {=IF(OR((AS$85>=$AY$11:$AY$38)*(AS$48<=$AZ$11:$AZ$38)>0),$B93,"")} | AT93: {=IF(OR((AT$85>=$AY$11:$AY$38)*(AT$48<=$AZ$11:$AZ$38)>0),$B93,"")} | ... AX93: {=IF(OR((AX$85>=$AY$11:$AY$38)*(AX$48<=$AZ$11:$AZ$38)>0),$B93,"")} | BA93: {=IF(OR((BA$85>=$AY$11:$AY$38)*(BA$48<=$AZ$11:$AZ$38)>0),$B93,"")} | BB93: {=IF(OR((BB$85>=$AY$11:$AY$38)*(BB$48<=$AZ$11:$AZ$38)>0),$B93,"")} | BC93: {=IF(OR((BC$85>=$AY$11:$AY$38)*(BC$48<=$AZ$11:$AZ$38)>0),$B93,"")} | BD93: {=IF(OR((BD$85>=$AY$11:$AY$38)*(BD$48<=$AZ$11:$AZ$38)>0),$B93,"")} | BE93: {=IF(OR((BE$85>=$AY$11:$AY$38)*(BE$48<=$AZ$11:$AZ$38)>0),$B93,"")} | BF93: {=IF(OR((BF$85>=$AY$11:$AY$38)*(BF$48<=$AZ$11:$AZ$38)>0),$B93,"")} | BG93: {=IF(OR((BG$85>=$AY$11:$AY$38)*(BG$48<=$AZ$11:$AZ$38)>0),$B93,"")} | BH93: {=IF(OR((BH$85>=$AY$11:$AY$38)*(BH$48<=$AZ$11:$AZ$38)>0),$B93,"")} | ... BS93: {=IF(OR((BS$85>=$AY$11:$AY$38)*(BS$48<=$AZ$11:$AZ$38)>0),$B93,"")} | BU93: Claymore Mines | BV93: 32 | BW93: {=IF(OR((BW$85>=$AY$11:$AY$38)*(BW$48<=$AZ$11:$AZ$38)>0),$B93,"")} | BX93: {=IF(OR((BX$85>=$AY$11:$AY$38)*(BX$48<=$AZ$11:$AZ$38)>0),$B93,"")} | BY93: {=IF(OR((BY$85>=$AY$11:$AY$38)*(BY$48<=$AZ$11:$AZ$38)>0),$B93,"")} | BZ93: {=IF(OR((BZ$85>=$AY$11:$AY$38)*(BZ$48<=$AZ$11:$AZ$38)>0),$B93,"")} | CA93: {=IF(OR((CA$85>=$AY$11:$AY$38)*(CA$48<=$AZ$11:$AZ$38)>0),$B93,"")} | CB93: {=IF(OR((CB$85>=$AY$11:$AY$38)*(CB$48<=$AZ$11:$AZ$38)>0),$B93,"")} | CC93: {=IF(OR((CC$85>=$AY$11:$AY$38)*(CC$48<=$AZ$11:$AZ$38)>0),$B93,"")} | CD93: {=IF(OR((CD$85>=$AY$11:$AY$38)*(CD$48<=$AZ$11:$AZ$38)>0),$B93,"")} | ... CH93: {=IF(OR((CH$85>=$AY$11:$AY$38)*(CH$48<=$AZ$11:$AZ$38)>0),$B93,"")} | CK93: {=IF(OR((CK$85>=$AY$11:$AY$38)*(CK$48<=$AZ$11:$AZ$38)>0),$B93,"")} | CL93: {=IF(OR((CL$85>=$AY$11:$AY$38)*(CL$48<=$AZ$11:$AZ$38)>0),$B93,"")} | CM93: {=IF(OR((CM$85>=$AY$11:$AY$38)*(CM$48<=$AZ$11:$AZ$38)>0),$B93,"")} | CN93: {=IF(OR((CN$85>=$AY$11:$AY$38)*(CN$48<=$AZ$11:$AZ$38)>0),$B93,"")} | CO93: {=IF(OR((CO$85>=$AY$11:$AY$38)*(CO$48<=$AZ$11:$AZ$38)>0),$B93,"")} | CP93: {=IF(OR((CP$85>=$AY$11:$AY$38)*(CP$48<=$AZ$11:$AZ$38)>0),$B93,"")} | CQ93: {=IF(OR((CQ$85>=$AY$11:$AY$38)*(CQ$48<=$AZ$11:$AZ$38)>0),$B93,"")} | CR93: {=IF(OR((CR$85>=$AY$11:$AY$38)*(CR$48<=$AZ$11:$AZ$38)>0),$B93,"")} | ... DC93: {=IF(OR((DC$85>=$AY$11:$AY$38)*(DC$48<=$AZ$11:$AZ$38)>0),$B93,"")}
A94: Anti Tank Mines | B94: 1 | C94: {=IF(OR((C$85>=$AY$11:$AY$38)*(C$48<=$AZ$11:$AZ$38)>0),$B94,"")} | D94: {=IF(OR((D$85>=$AY$11:$AY$38)*(D$48<=$AZ$11:$AZ$38)>0),$B94,"")} | E94: {=IF(OR((E$85>=$AY$11:$AY$38)*(E$48<=$AZ$11:$AZ$38)>0),$B94,"")} | F94: {=IF(OR((F$85>=$AY$11:$AY$38)*(F$48<=$AZ$11:$AZ$38)>0),$B94,"")} | G94: {=IF(OR((G$85>=$AY$11:$AY$38)*(G$48<=$AZ$11:$AZ$38)>0),$B94,"")} | H94: {=IF(OR((H$85>=$AY$11:$AY$38)*(H$48<=$AZ$11:$AZ$38)>0),$B94,"")} | I94: {=IF(OR((I$85>=$AY$11:$AY$38)*(I$48<=$AZ$11:$AZ$38)>0),$B94,"")} | J94: {=IF(OR((J$85>=$AY$11:$AY$38)*(J$48<=$AZ$11:$AZ$38)>0),$B94,"")} | ... N94: {=IF(OR((N$85>=$AY$11:$AY$38)*(N$48<=$AZ$11:$AZ$38)>0),$B94,"")} | Q94: {=IF(OR((Q$85>=$AY$11:$AY$38)*(Q$48<=$AZ$11:$AZ$38)>0),$B94,"")} | R94: {=IF(OR((R$85>=$AY$11:$AY$38)*(R$48<=$AZ$11:$AZ$38)>0),$B94,"")} | S94: {=IF(OR((S$85>=$AY$11:$AY$38)*(S$48<=$AZ$11:$AZ$38)>0),$B94,"")} | T94: {=IF(OR((T$85>=$AY$11:$AY$38)*(T$48<=$AZ$11:$AZ$38)>0),$B94,"")} | U94: {=IF(OR((U$85>=$AY$11:$AY$38)*(U$48<=$AZ$11:$AZ$38)>0),$B94,"")} | V94: {=IF(OR((V$85>=$AY$11:$AY$38)*(V$48<=$AZ$11:$AZ$38)>0),$B94,"")} | W94: {=IF(OR((W$85>=$AY$11:$AY$38)*(W$48<=$AZ$11:$AZ$38)>0),$B94,"")} | X94: {=IF(OR((X$85>=$AY$11:$AY$38)*(X$48<=$AZ$11:$AZ$38)>0),$B94,"")} | ... AI94: {=IF(OR((AI$85>=$AY$11:$AY$38)*(AI$48<=$AZ$11:$AZ$38)>0),$B94,"")} | AK94: Anti Tank Mines | AL94: 1 | AM94: {=IF(OR((AM$85>=$AY$11:$AY$38)*(AM$48<=$AZ$11:$AZ$38)>0),$B94,"")} | AN94: {=IF(OR((AN$85>=$AY$11:$AY$38)*(AN$48<=$AZ$11:$AZ$38)>0),$B94,"")} | AO94: {=IF(OR((AO$85>=$AY$11:$AY$38)*(AO$48<=$AZ$11:$AZ$38)>0),$B94,"")} | AP94: {=IF(OR((AP$85>=$AY$11:$AY$38)*(AP$48<=$AZ$11:$AZ$38)>0),$B94,"")} | AQ94: {=IF(OR((AQ$85>=$AY$11:$AY$38)*(AQ$48<=$AZ$11:$AZ$38)>0),$B94,"")} | AR94: {=IF(OR((AR$85>=$AY$11:$AY$38)*(AR$48<=$AZ$11:$AZ$38)>0),$B94,"")} | AS94: {=IF(OR((AS$85>=$AY$11:$AY$38)*(AS$48<=$AZ$11:$AZ$38)>0),$B94,"")} | AT94: {=IF(OR((AT$85>=$AY$11:$AY$38)*(AT$48<=$AZ$11:$AZ$38)>0),$B94,"")} | ... AX94: {=IF(OR((AX$85>=$AY$11:$AY$38)*(AX$48<=$AZ$11:$AZ$38)>0),$B94,"")} | BA94: {=IF(OR((BA$85>=$AY$11:$AY$38)*(BA$48<=$AZ$11:$AZ$38)>0),$B94,"")} | BB94: {=IF(OR((BB$85>=$AY$11:$AY$38)*(BB$48<=$AZ$11:$AZ$38)>0),$B94,"")} | BC94: {=IF(OR((BC$85>=$AY$11:$AY$38)*(BC$48<=$AZ$11:$AZ$38)>0),$B94,"")} | BD94: {=IF(OR((BD$85>=$AY$11:$AY$38)*(BD$48<=$AZ$11:$AZ$38)>0),$B94,"")} | BE94: {=IF(OR((BE$85>=$AY$11:$AY$38)*(BE$48<=$AZ$11:$AZ$38)>0),$B94,"")} | BF94: {=IF(OR((BF$85>=$AY$11:$AY$38)*(BF$48<=$AZ$11:$AZ$38)>0),$B94,"")} | BG94: {=IF(OR((BG$85>=$AY$11:$AY$38)*(BG$48<=$AZ$11:$AZ$38)>0),$B94,"")} | BH94: {=IF(OR((BH$85>=$AY$11:$AY$38)*(BH$48<=$AZ$11:$AZ$38)>0),$B94,"")} | ... BS94: {=IF(OR((BS$85>=$AY$11:$AY$38)*(BS$48<=$AZ$11:$AZ$38)>0),$B94,"")} | BU94: Anti Tank Mines | BV94: 1 | BW94: {=IF(OR((BW$85>=$AY$11:$AY$38)*(BW$48<=$AZ$11:$AZ$38)>0),$B94,"")} | BX94: {=IF(OR((BX$85>=$AY$11:$AY$38)*(BX$48<=$AZ$11:$AZ$38)>0),$B94,"")} | BY94: {=IF(OR((BY$85>=$AY$11:$AY$38)*(BY$48<=$AZ$11:$AZ$38)>0),$B94,"")} | BZ94: {=IF(OR((BZ$85>=$AY$11:$AY$38)*(BZ$48<=$AZ$11:$AZ$38)>0),$B94,"")} | CA94: {=IF(OR((CA$85>=$AY$11:$AY$38)*(CA$48<=$AZ$11:$AZ$38)>0),$B94,"")} | CB94: {=IF(OR((CB$85>=$AY$11:$AY$38)*(CB$48<=$AZ$11:$AZ$38)>0),$B94,"")} | CC94: {=IF(OR((CC$85>=$AY$11:$AY$38)*(CC$48<=$AZ$11:$AZ$38)>0),$B94,"")} | CD94: {=IF(OR((CD$85>=$AY$11:$AY$38)*(CD$48<=$AZ$11:$AZ$38)>0),$B94,"")} | ... CH94: {=IF(OR((CH$85>=$AY$11:$AY$38)*(CH$48<=$AZ$11:$AZ$38)>0),$B94,"")} | CK94: {=IF(OR((CK$85>=$AY$11:$AY$38)*(CK$48<=$AZ$11:$AZ$38)>0),$B94,"")} | CL94: {=IF(OR((CL$85>=$AY$11:$AY$38)*(CL$48<=$AZ$11:$AZ$38)>0),$B94,"")} | CM94: {=IF(OR((CM$85>=$AY$11:$AY$38)*(CM$48<=$AZ$11:$AZ$38)>0),$B94,"")} | CN94: {=IF(OR((CN$85>=$AY$11:$AY$38)*(CN$48<=$AZ$11:$AZ$38)>0),$B94,"")} | CO94: {=IF(OR((CO$85>=$AY$11:$AY$38)*(CO$48<=$AZ$11:$AZ$38)>0),$B94,"")} | CP94: {=IF(OR((CP$85>=$AY$11:$AY$38)*(CP$48<=$AZ$11:$AZ$38)>0),$B94,"")} | CQ94: {=IF(OR((CQ$85>=$AY$11:$AY$38)*(CQ$48<=$AZ$11:$AZ$38)>0),$B94,"")} | CR94: {=IF(OR((CR$85>=$AY$11:$AY$38)*(CR$48<=$AZ$11:$AZ$38)>0),$B94,"")} | ... DC94: {=IF(OR((DC$85>=$AY$11:$AY$38)*(DC$48<=$AZ$11:$AZ$38)>0),$B94,"")}
A95: Anti Personnel Mines | B95: 1 | C95: {=IF(OR((C$85>=$AY$11:$AY$38)*(C$48<=$AZ$11:$AZ$38)>0),$B95,"")} | D95: {=IF(OR((D$85>=$AY$11:$AY$38)*(D$48<=$AZ$11:$AZ$38)>0),$B95,"")} | E95: {=IF(OR((E$85>=$AY$11:$AY$38)*(E$48<=$AZ$11:$AZ$38)>0),$B95,"")} | F95: {=IF(OR((F$85>=$AY$11:$AY$38)*(F$48<=$AZ$11:$AZ$38)>0),$B95,"")} | G95: {=IF(OR((G$85>=$AY$11:$AY$38)*(G$48<=$AZ$11:$AZ$38)>0),$B95,"")} | H95: {=IF(OR((H$85>=$AY$11:$AY$38)*(H$48<=$AZ$11:$AZ$38)>0),$B95,"")} | I95: {=IF(OR((I$85>=$AY$11:$AY$38)*(I$48<=$AZ$11:$AZ$38)>0),$B95,"")} | J95: {=IF(OR((J$85>=$AY$11:$AY$38)*(J$48<=$AZ$11:$AZ$38)>0),$B95,"")} | ... N95: {=IF(OR((N$85>=$AY$11:$AY$38)*(N$48<=$AZ$11:$AZ$38)>0),$B95,"")} | Q95: {=IF(OR((Q$85>=$AY$11:$AY$38)*(Q$48<=$AZ$11:$AZ$38)>0),$B95,"")} | R95: {=IF(OR((R$85>=$AY$11:$AY$38)*(R$48<=$AZ$11:$AZ$38)>0),$B95,"")} | S95: {=IF(OR((S$85>=$AY$11:$AY$38)*(S$48<=$AZ$11:$AZ$38)>0),$B95,"")} | T95: {=IF(OR((T$85>=$AY$11:$AY$38)*(T$48<=$AZ$11:$AZ$38)>0),$B95,"")} | U95: {=IF(OR((U$85>=$AY$11:$AY$38)*(U$48<=$AZ$11:$AZ$38)>0),$B95,"")} | V95: {=IF(OR((V$85>=$AY$11:$AY$38)*(V$48<=$AZ$11:$AZ$38)>0),$B95,"")} | W95: {=IF(OR((W$85>=$AY$11:$AY$38)*(W$48<=$AZ$11:$AZ$38)>0),$B95,"")} | X95: {=IF(OR((X$85>=$AY$11:$AY$38)*(X$48<=$AZ$11:$AZ$38)>0),$B95,"")} | ... AI95: {=IF(OR((AI$85>=$AY$11:$AY$38)*(AI$48<=$AZ$11:$AZ$38)>0),$B95,"")} | AK95: Anti Personnel Mines | AL95: 1 | AM95: {=IF(OR((AM$85>=$AY$11:$AY$38)*(AM$48<=$AZ$11:$AZ$38)>0),$B95,"")} | AN95: {=IF(OR((AN$85>=$AY$11:$AY$38)*(AN$48<=$AZ$11:$AZ$38)>0),$B95,"")} | AO95: {=IF(OR((AO$85>=$AY$11:$AY$38)*(AO$48<=$AZ$11:$AZ$38)>0),$B95,"")} | AP95: {=IF(OR((AP$85>=$AY$11:$AY$38)*(AP$48<=$AZ$11:$AZ$38)>0),$B95,"")} | AQ95: {=IF(OR((AQ$85>=$AY$11:$AY$38)*(AQ$48<=$AZ$11:$AZ$38)>0),$B95,"")} | AR95: {=IF(OR((AR$85>=$AY$11:$AY$38)*(AR$48<=$AZ$11:$AZ$38)>0),$B95,"")} | AS95: {=IF(OR((AS$85>=$AY$11:$AY$38)*(AS$48<=$AZ$11:$AZ$38)>0),$B95,"")} | AT95: {=IF(OR((AT$85>=$AY$11:$AY$38)*(AT$48<=$AZ$11:$AZ$38)>0),$B95,"")} | ... AX95: {=IF(OR((AX$85>=$AY$11:$AY$38)*(AX$48<=$AZ$11:$AZ$38)>0),$B95,"")} | BA95: {=IF(OR((BA$85>=$AY$11:$AY$38)*(BA$48<=$AZ$11:$AZ$38)>0),$B95,"")} | BB95: {=IF(OR((BB$85>=$AY$11:$AY$38)*(BB$48<=$AZ$11:$AZ$38)>0),$B95,"")} | BC95: {=IF(OR((BC$85>=$AY$11:$AY$38)*(BC$48<=$AZ$11:$AZ$38)>0),$B95,"")} | BD95: {=IF(OR((BD$85>=$AY$11:$AY$38)*(BD$48<=$AZ$11:$AZ$38)>0),$B95,"")} | BE95: {=IF(OR((BE$85>=$AY$11:$AY$38)*(BE$48<=$AZ$11:$AZ$38)>0),$B95,"")} | BF95: {=IF(OR((BF$85>=$AY$11:$AY$38)*(BF$48<=$AZ$11:$AZ$38)>0),$B95,"")} | BG95: {=IF(OR((BG$85>=$AY$11:$AY$38)*(BG$48<=$AZ$11:$AZ$38)>0),$B95,"")} | BH95: {=IF(OR((BH$85>=$AY$11:$AY$38)*(BH$48<=$AZ$11:$AZ$38)>0),$B95,"")} | ... BS95: {=IF(OR((BS$85>=$AY$11:$AY$38)*(BS$48<=$AZ$11:$AZ$38)>0),$B95,"")} | BU95: Anti Personnel Mines | BV95: 1 | BW95: {=IF(OR((BW$85>=$AY$11:$AY$38)*(BW$48<=$AZ$11:$AZ$38)>0),$B95,"")} | BX95: {=IF(OR((BX$85>=$AY$11:$AY$38)*(BX$48<=$AZ$11:$AZ$38)>0),$B95,"")} | BY95: {=IF(OR((BY$85>=$AY$11:$AY$38)*(BY$48<=$AZ$11:$AZ$38)>0),$B95,"")} | BZ95: {=IF(OR((BZ$85>=$AY$11:$AY$38)*(BZ$48<=$AZ$11:$AZ$38)>0),$B95,"")} | CA95: {=IF(OR((CA$85>=$AY$11:$AY$38)*(CA$48<=$AZ$11:$AZ$38)>0),$B95,"")} | CB95: {=IF(OR((CB$85>=$AY$11:$AY$38)*(CB$48<=$AZ$11:$AZ$38)>0),$B95,"")} | CC95: {=IF(OR((CC$85>=$AY$11:$AY$38)*(CC$48<=$AZ$11:$AZ$38)>0),$B95,"")} | CD95: {=IF(OR((CD$85>=$AY$11:$AY$38)*(CD$48<=$AZ$11:$AZ$38)>0),$B95,"")} | ... CH95: {=IF(OR((CH$85>=$AY$11:$AY$38)*(CH$48<=$AZ$11:$AZ$38)>0),$B95,"")} | CK95: {=IF(OR((CK$85>=$AY$11:$AY$38)*(CK$48<=$AZ$11:$AZ$38)>0),$B95,"")} | CL95: {=IF(OR((CL$85>=$AY$11:$AY$38)*(CL$48<=$AZ$11:$AZ$38)>0),$B95,"")} | CM95: {=IF(OR((CM$85>=$AY$11:$AY$38)*(CM$48<=$AZ$11:$AZ$38)>0),$B95,"")} | CN95: {=IF(OR((CN$85>=$AY$11:$AY$38)*(CN$48<=$AZ$11:$AZ$38)>0),$B95,"")} | CO95: {=IF(OR((CO$85>=$AY$11:$AY$38)*(CO$48<=$AZ$11:$AZ$38)>0),$B95,"")} | CP95: {=IF(OR((CP$85>=$AY$11:$AY$38)*(CP$48<=$AZ$11:$AZ$38)>0),$B95,"")} | CQ95: {=IF(OR((CQ$85>=$AY$11:$AY$38)*(CQ$48<=$AZ$11:$AZ$38)>0),$B95,"")} | CR95: {=IF(OR((CR$85>=$AY$11:$AY$38)*(CR$48<=$AZ$11:$AZ$38)>0),$B95,"")} | ... DC95: {=IF(OR((DC$85>=$AY$11:$AY$38)*(DC$48<=$AZ$11:$AZ$38)>0),$B95,"")}
A96: Programming Equipment | AK96: Programming Equipment | BU96: Programming Equipment
A97: Universal Control Gun | B97: 8 | C97: {=IF(OR((C$85>=$AY$11:$AY$38)*(C$48<=$AZ$11:$AZ$38)>0),$B97,"")} | D97: {=IF(OR((D$85>=$AY$11:$AY$38)*(D$48<=$AZ$11:$AZ$38)>0),$B97,"")} | E97: {=IF(OR((E$85>=$AY$11:$AY$38)*(E$48<=$AZ$11:$AZ$38)>0),$B97,"")} | F97: {=IF(OR((F$85>=$AY$11:$AY$38)*(F$48<=$AZ$11:$AZ$38)>0),$B97,"")} | G97: {=IF(OR((G$85>=$AY$11:$AY$38)*(G$48<=$AZ$11:$AZ$38)>0),$B97,"")} | H97: {=IF(OR((H$85>=$AY$11:$AY$38)*(H$48<=$AZ$11:$AZ$38)>0),$B97,"")} | I97: {=IF(OR((I$85>=$AY$11:$AY$38)*(I$48<=$AZ$11:$AZ$38)>0),$B97,"")} | J97: {=IF(OR((J$85>=$AY$11:$AY$38)*(J$48<=$AZ$11:$AZ$38)>0),$B97,"")} | ... N97: {=IF(OR((N$85>=$AY$11:$AY$38)*(N$48<=$AZ$11:$AZ$38)>0),$B97,"")} | Q97: {=IF(OR((Q$85>=$AY$11:$AY$38)*(Q$48<=$AZ$11:$AZ$38)>0),$B97,"")} | R97: {=IF(OR((R$85>=$AY$11:$AY$38)*(R$48<=$AZ$11:$AZ$38)>0),$B97,"")} | S97: {=IF(OR((S$85>=$AY$11:$AY$38)*(S$48<=$AZ$11:$AZ$38)>0),$B97,"")} | T97: {=IF(OR((T$85>=$AY$11:$AY$38)*(T$48<=$AZ$11:$AZ$38)>0),$B97,"")} | U97: {=IF(OR((U$85>=$AY$11:$AY$38)*(U$48<=$AZ$11:$AZ$38)>0),$B97,"")} | V97: {=IF(OR((V$85>=$AY$11:$AY$38)*(V$48<=$AZ$11:$AZ$38)>0),$B97,"")} | W97: {=IF(OR((W$85>=$AY$11:$AY$38)*(W$48<=$AZ$11:$AZ$38)>0),$B97,"")} | X97: {=IF(OR((X$85>=$AY$11:$AY$38)*(X$48<=$AZ$11:$AZ$38)>0),$B97,"")} | ... AI97: {=IF(OR((AI$85>=$AY$11:$AY$38)*(AI$48<=$AZ$11:$AZ$38)>0),$B97,"")} | AK97: Universal Control Gun | AL97: 8 | AM97: {=IF(OR((AM$85>=$AY$11:$AY$38)*(AM$48<=$AZ$11:$AZ$38)>0),$B97,"")} | AN97: {=IF(OR((AN$85>=$AY$11:$AY$38)*(AN$48<=$AZ$11:$AZ$38)>0),$B97,"")} | AO97: {=IF(OR((AO$85>=$AY$11:$AY$38)*(AO$48<=$AZ$11:$AZ$38)>0),$B97,"")} | AP97: {=IF(OR((AP$85>=$AY$11:$AY$38)*(AP$48<=$AZ$11:$AZ$38)>0),$B97,"")} | AQ97: {=IF(OR((AQ$85>=$AY$11:$AY$38)*(AQ$48<=$AZ$11:$AZ$38)>0),$B97,"")} | AR97: {=IF(OR((AR$85>=$AY$11:$AY$38)*(AR$48<=$AZ$11:$AZ$38)>0),$B97,"")} | AS97: {=IF(OR((AS$85>=$AY$11:$AY$38)*(AS$48<=$AZ$11:$AZ$38)>0),$B97,"")} | AT97: {=IF(OR((AT$85>=$AY$11:$AY$38)*(AT$48<=$AZ$11:$AZ$38)>0),$B97,"")} | ... AX97: {=IF(OR((AX$85>=$AY$11:$AY$38)*(AX$48<=$AZ$11:$AZ$38)>0),$B97,"")} | BA97: {=IF(OR((BA$85>=$AY$11:$AY$38)*(BA$48<=$AZ$11:$AZ$38)>0),$B97,"")} | BB97: {=IF(OR((BB$85>=$AY$11:$AY$38)*(BB$48<=$AZ$11:$AZ$38)>0),$B97,"")} | BC97: {=IF(OR((BC$85>=$AY$11:$AY$38)*(BC$48<=$AZ$11:$AZ$38)>0),$B97,"")} | BD97: {=IF(OR((BD$85>=$AY$11:$AY$38)*(BD$48<=$AZ$11:$AZ$38)>0),$B97,"")} | BE97: {=IF(OR((BE$85>=$AY$11:$AY$38)*(BE$48<=$AZ$11:$AZ$38)>0),$B97,"")} | BF97: {=IF(OR((BF$85>=$AY$11:$AY$38)*(BF$48<=$AZ$11:$AZ$38)>0),$B97,"")} | BG97: {=IF(OR((BG$85>=$AY$11:$AY$38)*(BG$48<=$AZ$11:$AZ$38)>0),$B97,"")} | BH97: {=IF(OR((BH$85>=$AY$11:$AY$38)*(BH$48<=$AZ$11:$AZ$38)>0),$B97,"")} | ... BS97: {=IF(OR((BS$85>=$AY$11:$AY$38)*(BS$48<=$AZ$11:$AZ$38)>0),$B97,"")} | BU97: Universal Control Gun | BV97: 8 | BW97: {=IF(OR((BW$85>=$AY$11:$AY$38)*(BW$48<=$AZ$11:$AZ$38)>0),$B97,"")} | BX97: {=IF(OR((BX$85>=$AY$11:$AY$38)*(BX$48<=$AZ$11:$AZ$38)>0),$B97,"")} | BY97: {=IF(OR((BY$85>=$AY$11:$AY$38)*(BY$48<=$AZ$11:$AZ$38)>0),$B97,"")} | BZ97: {=IF(OR((BZ$85>=$AY$11:$AY$38)*(BZ$48<=$AZ$11:$AZ$38)>0),$B97,"")} | CA97: {=IF(OR((CA$85>=$AY$11:$AY$38)*(CA$48<=$AZ$11:$AZ$38)>0),$B97,"")} | CB97: {=IF(OR((CB$85>=$AY$11:$AY$38)*(CB$48<=$AZ$11:$AZ$38)>0),$B97,"")} | CC97: {=IF(OR((CC$85>=$AY$11:$AY$38)*(CC$48<=$AZ$11:$AZ$38)>0),$B97,"")} | CD97: {=IF(OR((CD$85>=$AY$11:$AY$38)*(CD$48<=$AZ$11:$AZ$38)>0),$B97,"")} | ... CH97: {=IF(OR((CH$85>=$AY$11:$AY$38)*(CH$48<=$AZ$11:$AZ$38)>0),$B97,"")} | CK97: {=IF(OR((CK$85>=$AY$11:$AY$38)*(CK$48<=$AZ$11:$AZ$38)>0),$B97,"")} | CL97: {=IF(OR((CL$85>=$AY$11:$AY$38)*(CL$48<=$AZ$11:$AZ$38)>0),$B97,"")} | CM97: {=IF(OR((CM$85>=$AY$11:$AY$38)*(CM$48<=$AZ$11:$AZ$38)>0),$B97,"")} | CN97: {=IF(OR((CN$85>=$AY$11:$AY$38)*(CN$48<=$AZ$11:$AZ$38)>0),$B97,"")} | CO97: {=IF(OR((CO$85>=$AY$11:$AY$38)*(CO$48<=$AZ$11:$AZ$38)>0),$B97,"")} | CP97: {=IF(OR((CP$85>=$AY$11:$AY$38)*(CP$48<=$AZ$11:$AZ$38)>0),$B97,"")} | CQ97: {=IF(OR((CQ$85>=$AY$11:$AY$38)*(CQ$48<=$AZ$11:$AZ$38)>0),$B97,"")} | CR97: {=IF(OR((CR$85>=$AY$11:$AY$38)*(CR$48<=$AZ$11:$AZ$38)>0),$B97,"")} | ... DC97: {=IF(OR((DC$85>=$AY$11:$AY$38)*(DC$48<=$AZ$11:$AZ$38)>0),$B97,"")}
A98: MATAS w/o TL | B98: 8 | C98: {=IF(OR((C$85>=$AY$11:$AY$38)*(C$48<=$AZ$11:$AZ$38)>0),$B98,"")} | D98: {=IF(OR((D$85>=$AY$11:$AY$38)*(D$48<=$AZ$11:$AZ$38)>0),$B98,"")} | E98: {=IF(OR((E$85>=$AY$11:$AY$38)*(E$48<=$AZ$11:$AZ$38)>0),$B98,"")} | F98: {=IF(OR((F$85>=$AY$11:$AY$38)*(F$48<=$AZ$11:$AZ$38)>0),$B98,"")} | G98: {=IF(OR((G$85>=$AY$11:$AY$38)*(G$48<=$AZ$11:$AZ$38)>0),$B98,"")} | H98: {=IF(OR((H$85>=$AY$11:$AY$38)*(H$48<=$AZ$11:$AZ$38)>0),$B98,"")} | I98: {=IF(OR((I$85>=$AY$11:$AY$38)*(I$48<=$AZ$11:$AZ$38)>0),$B98,"")} | J98: {=IF(OR((J$85>=$AY$11:$AY$38)*(J$48<=$AZ$11:$AZ$38)>0),$B98,"")} | ... N98: {=IF(OR((N$85>=$AY$11:$AY$38)*(N$48<=$AZ$11:$AZ$38)>0),$B98,"")} | Q98: {=IF(OR((Q$85>=$AY$11:$AY$38)*(Q$48<=$AZ$11:$AZ$38)>0),$B98,"")} | R98: {=IF(OR((R$85>=$AY$11:$AY$38)*(R$48<=$AZ$11:$AZ$38)>0),$B98,"")} | S98: {=IF(OR((S$85>=$AY$11:$AY$38)*(S$48<=$AZ$11:$AZ$38)>0),$B98,"")} | T98: {=IF(OR((T$85>=$AY$11:$AY$38)*(T$48<=$AZ$11:$AZ$38)>0),$B98,"")} | U98: {=IF(OR((U$85>=$AY$11:$AY$38)*(U$48<=$AZ$11:$AZ$38)>0),$B98,"")} | V98: {=IF(OR((V$85>=$AY$11:$AY$38)*(V$48<=$AZ$11:$AZ$38)>0),$B98,"")} | W98: {=IF(OR((W$85>=$AY$11:$AY$38)*(W$48<=$AZ$11:$AZ$38)>0),$B98,"")} | X98: {=IF(OR((X$85>=$AY$11:$AY$38)*(X$48<=$AZ$11:$AZ$38)>0),$B98,"")} | ... AI98: {=IF(OR((AI$85>=$AY$11:$AY$38)*(AI$48<=$AZ$11:$AZ$38)>0),$B98,"")} | AK98: MATAS w/o TL | AL98: 8 | AM98: {=IF(OR((AM$85>=$AY$11:$AY$38)*(AM$48<=$AZ$11:$AZ$38)>0),$B98,"")} | AN98: {=IF(OR((AN$85>=$AY$11:$AY$38)*(AN$48<=$AZ$11:$AZ$38)>0),$B98,"")} | AO98: {=IF(OR((AO$85>=$AY$11:$AY$38)*(AO$48<=$AZ$11:$AZ$38)>0),$B98,"")} | AP98: {=IF(OR((AP$85>=$AY$11:$AY$38)*(AP$48<=$AZ$11:$AZ$38)>0),$B98,"")} | AQ98: {=IF(OR((AQ$85>=$AY$11:$AY$38)*(AQ$48<=$AZ$11:$AZ$38)>0),$B98,"")} | AR98: {=IF(OR((AR$85>=$AY$11:$AY$38)*(AR$48<=$AZ$11:$AZ$38)>0),$B98,"")} | AS98: {=IF(OR((AS$85>=$AY$11:$AY$38)*(AS$48<=$AZ$11:$AZ$38)>0),$B98,"")} | AT98: {=IF(OR((AT$85>=$AY$11:$AY$38)*(AT$48<=$AZ$11:$AZ$38)>0),$B98,"")} | ... AX98: {=IF(OR((AX$85>=$AY$11:$AY$38)*(AX$48<=$AZ$11:$AZ$38)>0),$B98,"")} | BA98: {=IF(OR((BA$85>=$AY$11:$AY$38)*(BA$48<=$AZ$11:$AZ$38)>0),$B98,"")} | BB98: {=IF(OR((BB$85>=$AY$11:$AY$38)*(BB$48<=$AZ$11:$AZ$38)>0),$B98,"")} | BC98: {=IF(OR((BC$85>=$AY$11:$AY$38)*(BC$48<=$AZ$11:$AZ$38)>0),$B98,"")} | BD98: {=IF(OR((BD$85>=$AY$11:$AY$38)*(BD$48<=$AZ$11:$AZ$38)>0),$B98,"")} | BE98: {=IF(OR((BE$85>=$AY$11:$AY$38)*(BE$48<=$AZ$11:$AZ$38)>0),$B98,"")} | BF98: {=IF(OR((BF$85>=$AY$11:$AY$38)*(BF$48<=$AZ$11:$AZ$38)>0),$B98,"")} | BG98: {=IF(OR((BG$85>=$AY$11:$AY$38)*(BG$48<=$AZ$11:$AZ$38)>0),$B98,"")} | BH98: {=IF(OR((BH$85>=$AY$11:$AY$38)*(BH$48<=$AZ$11:$AZ$38)>0),$B98,"")} | ... BS98: {=IF(OR((BS$85>=$AY$11:$AY$38)*(BS$48<=$AZ$11:$AZ$38)>0),$B98,"")} | BU98: MATAS w/o TL | BV98: 8 | BW98: {=IF(OR((BW$85>=$AY$11:$AY$38)*(BW$48<=$AZ$11:$AZ$38)>0),$B98,"")} | BX98: {=IF(OR((BX$85>=$AY$11:$AY$38)*(BX$48<=$AZ$11:$AZ$38)>0),$B98,"")} | BY98: {=IF(OR((BY$85>=$AY$11:$AY$38)*(BY$48<=$AZ$11:$AZ$38)>0),$B98,"")} | BZ98: {=IF(OR((BZ$85>=$AY$11:$AY$38)*(BZ$48<=$AZ$11:$AZ$38)>0),$B98,"")} | CA98: {=IF(OR((CA$85>=$AY$11:$AY$38)*(CA$48<=$AZ$11:$AZ$38)>0),$B98,"")} | CB98: {=IF(OR((CB$85>=$AY$11:$AY$38)*(CB$48<=$AZ$11:$AZ$38)>0),$B98,"")} | CC98: {=IF(OR((CC$85>=$AY$11:$AY$38)*(CC$48<=$AZ$11:$AZ$38)>0),$B98,"")} | CD98: {=IF(OR((CD$85>=$AY$11:$AY$38)*(CD$48<=$AZ$11:$AZ$38)>0),$B98,"")} | ... CH98: {=IF(OR((CH$85>=$AY$11:$AY$38)*(CH$48<=$AZ$11:$AZ$38)>0),$B98,"")} | CK98: {=IF(OR((CK$85>=$AY$11:$AY$38)*(CK$48<=$AZ$11:$AZ$38)>0),$B98,"")} | CL98: {=IF(OR((CL$85>=$AY$11:$AY$38)*(CL$48<=$AZ$11:$AZ$38)>0),$B98,"")} | CM98: {=IF(OR((CM$85>=$AY$11:$AY$38)*(CM$48<=$AZ$11:$AZ$38)>0),$B98,"")} | CN98: {=IF(OR((CN$85>=$AY$11:$AY$38)*(CN$48<=$AZ$11:$AZ$38)>0),$B98,"")} | CO98: {=IF(OR((CO$85>=$AY$11:$AY$38)*(CO$48<=$AZ$11:$AZ$38)>0),$B98,"")} | CP98: {=IF(OR((CP$85>=$AY$11:$AY$38)*(CP$48<=$AZ$11:$AZ$38)>0),$B98,"")} | CQ98: {=IF(OR((CQ$85>=$AY$11:$AY$38)*(CQ$48<=$AZ$11:$AZ$38)>0),$B98,"")} | CR98: {=IF(OR((CR$85>=$AY$11:$AY$38)*(CR$48<=$AZ$11:$AZ$38)>0),$B98,"")} | ... DC98: {=IF(OR((DC$85>=$AY$11:$AY$38)*(DC$48<=$AZ$11:$AZ$38)>0),$B98,"")}
A99: Laser Target Locator | B99: 8 | C99: {=IF(OR((C$85>=$AY$11:$AY$38)*(C$48<=$AZ$11:$AZ$38)>0),$B99,"")} | D99: {=IF(OR((D$85>=$AY$11:$AY$38)*(D$48<=$AZ$11:$AZ$38)>0),$B99,"")} | E99: {=IF(OR((E$85>=$AY$11:$AY$38)*(E$48<=$AZ$11:$AZ$38)>0),$B99,"")} | F99: {=IF(OR((F$85>=$AY$11:$AY$38)*(F$48<=$AZ$11:$AZ$38)>0),$B99,"")} | G99: {=IF(OR((G$85>=$AY$11:$AY$38)*(G$48<=$AZ$11:$AZ$38)>0),$B99,"")} | H99: {=IF(OR((H$85>=$AY$11:$AY$38)*(H$48<=$AZ$11:$AZ$38)>0),$B99,"")} | I99: {=IF(OR((I$85>=$AY$11:$AY$38)*(I$48<=$AZ$11:$AZ$38)>0),$B99,"")} | J99: {=IF(OR((J$85>=$AY$11:$AY$38)*(J$48<=$AZ$11:$AZ$38)>0),$B99,"")} | ... N99: {=IF(OR((N$85>=$AY$11:$AY$38)*(N$48<=$AZ$11:$AZ$38)>0),$B99,"")} | Q99: {=IF(OR((Q$85>=$AY$11:$AY$38)*(Q$48<=$AZ$11:$AZ$38)>0),$B99,"")} | R99: {=IF(OR((R$85>=$AY$11:$AY$38)*(R$48<=$AZ$11:$AZ$38)>0),$B99,"")} | S99: {=IF(OR((S$85>=$AY$11:$AY$38)*(S$48<=$AZ$11:$AZ$38)>0),$B99,"")} | T99: {=IF(OR((T$85>=$AY$11:$AY$38)*(T$48<=$AZ$11:$AZ$38)>0),$B99,"")} | U99: {=IF(OR((U$85>=$AY$11:$AY$38)*(U$48<=$AZ$11:$AZ$38)>0),$B99,"")} | V99: {=IF(OR((V$85>=$AY$11:$AY$38)*(V$48<=$AZ$11:$AZ$38)>0),$B99,"")} | W99: {=IF(OR((W$85>=$AY$11:$AY$38)*(W$48<=$AZ$11:$AZ$38)>0),$B99,"")} | X99: {=IF(OR((X$85>=$AY$11:$AY$38)*(X$48<=$AZ$11:$AZ$38)>0),$B99,"")} | ... AI99: {=IF(OR((AI$85>=$AY$11:$AY$38)*(AI$48<=$AZ$11:$AZ$38)>0),$B99,"")} | AK99: Laser Target Locator | AL99: 8 | AM99: {=IF(OR((AM$85>=$AY$11:$AY$38)*(AM$48<=$AZ$11:$AZ$38)>0),$B99,"")} | AN99: {=IF(OR((AN$85>=$AY$11:$AY$38)*(AN$48<=$AZ$11:$AZ$38)>0),$B99,"")} | AO99: {=IF(OR((AO$85>=$AY$11:$AY$38)*(AO$48<=$AZ$11:$AZ$38)>0),$B99,"")} | AP99: {=IF(OR((AP$85>=$AY$11:$AY$38)*(AP$48<=$AZ$11:$AZ$38)>0),$B99,"")} | AQ99: {=IF(OR((AQ$85>=$AY$11:$AY$38)*(AQ$48<=$AZ$11:$AZ$38)>0),$B99,"")} | AR99: {=IF(OR((AR$85>=$AY$11:$AY$38)*(AR$48<=$AZ$11:$AZ$38)>0),$B99,"")} | AS99: {=IF(OR((AS$85>=$AY$11:$AY$38)*(AS$48<=$AZ$11:$AZ$38)>0),$B99,"")} | AT99: {=IF(OR((AT$85>=$AY$11:$AY$38)*(AT$48<=$AZ$11:$AZ$38)>0),$B99,"")} | ... AX99: {=IF(OR((AX$85>=$AY$11:$AY$38)*(AX$48<=$AZ$11:$AZ$38)>0),$B99,"")} | BA99: {=IF(OR((BA$85>=$AY$11:$AY$38)*(BA$48<=$AZ$11:$AZ$38)>0),$B99,"")} | BB99: {=IF(OR((BB$85>=$AY$11:$AY$38)*(BB$48<=$AZ$11:$AZ$38)>0),$B99,"")} | BC99: {=IF(OR((BC$85>=$AY$11:$AY$38)*(BC$48<=$AZ$11:$AZ$38)>0),$B99,"")} | BD99: {=IF(OR((BD$85>=$AY$11:$AY$38)*(BD$48<=$AZ$11:$AZ$38)>0),$B99,"")} | BE99: {=IF(OR((BE$85>=$AY$11:$AY$38)*(BE$48<=$AZ$11:$AZ$38)>0),$B99,"")} | BF99: {=IF(OR((BF$85>=$AY$11:$AY$38)*(BF$48<=$AZ$11:$AZ$38)>0),$B99,"")} | BG99: {=IF(OR((BG$85>=$AY$11:$AY$38)*(BG$48<=$AZ$11:$AZ$38)>0),$B99,"")} | BH99: {=IF(OR((BH$85>=$AY$11:$AY$38)*(BH$48<=$AZ$11:$AZ$38)>0),$B99,"")} | ... BS99: {=IF(OR((BS$85>=$AY$11:$AY$38)*(BS$48<=$AZ$11:$AZ$38)>0),$B99,"")} | BU99: Laser Target Locator | BV99: 8 | BW99: {=IF(OR((BW$85>=$AY$11:$AY$38)*(BW$48<=$AZ$11:$AZ$38)>0),$B99,"")} | BX99: {=IF(OR((BX$85>=$AY$11:$AY$38)*(BX$48<=$AZ$11:$AZ$38)>0),$B99,"")} | BY99: {=IF(OR((BY$85>=$AY$11:$AY$38)*(BY$48<=$AZ$11:$AZ$38)>0),$B99,"")} | BZ99: {=IF(OR((BZ$85>=$AY$11:$AY$38)*(BZ$48<=$AZ$11:$AZ$38)>0),$B99,"")} | CA99: {=IF(OR((CA$85>=$AY$11:$AY$38)*(CA$48<=$AZ$11:$AZ$38)>0),$B99,"")} | CB99: {=IF(OR((CB$85>=$AY$11:$AY$38)*(CB$48<=$AZ$11:$AZ$38)>0),$B99,"")} | CC99: {=IF(OR((CC$85>=$AY$11:$AY$38)*(CC$48<=$AZ$11:$AZ$38)>0),$B99,"")} | CD99: {=IF(OR((CD$85>=$AY$11:$AY$38)*(CD$48<=$AZ$11:$AZ$38)>0),$B99,"")} | ... CH99: {=IF(OR((CH$85>=$AY$11:$AY$38)*(CH$48<=$AZ$11:$AZ$38)>0),$B99,"")} | CK99: {=IF(OR((CK$85>=$AY$11:$AY$38)*(CK$48<=$AZ$11:$AZ$38)>0),$B99,"")} | CL99: {=IF(OR((CL$85>=$AY$11:$AY$38)*(CL$48<=$AZ$11:$AZ$38)>0),$B99,"")} | CM99: {=IF(OR((CM$85>=$AY$11:$AY$38)*(CM$48<=$AZ$11:$AZ$38)>0),$B99,"")} | CN99: {=IF(OR((CN$85>=$AY$11:$AY$38)*(CN$48<=$AZ$11:$AZ$38)>0),$B99,"")} | CO99: {=IF(OR((CO$85>=$AY$11:$AY$38)*(CO$48<=$AZ$11:$AZ$38)>0),$B99,"")} | CP99: {=IF(OR((CP$85>=$AY$11:$AY$38)*(CP$48<=$AZ$11:$AZ$38)>0),$B99,"")} | CQ99: {=IF(OR((CQ$85>=$AY$11:$AY$38)*(CQ$48<=$AZ$11:$AZ$38)>0),$B99,"")} | CR99: {=IF(OR((CR$85>=$AY$11:$AY$38)*(CR$48<=$AZ$11:$AZ$38)>0),$B99,"")} | ... DC99: {=IF(OR((DC$85>=$AY$11:$AY$38)*(DC$48<=$AZ$11:$AZ$38)>0),$B99,"")}
A100: Accessories / Batteries | AK100: Accessories / Batteries | BU100: Accessories / Batteries
A101: Total AA Size Battery (SFT, LDM) | B101: 1188 | C101: {=IF(OR((C$85>=$AY$11:$AY$38)*(C$48<=$AZ$11:$AZ$38)>0),$B101,"")} | D101: {=IF(OR((D$85>=$AY$11:$AY$38)*(D$48<=$AZ$11:$AZ$38)>0),$B101,"")} | E101: {=IF(OR((E$85>=$AY$11:$AY$38)*(E$48<=$AZ$11:$AZ$38)>0),$B101,"")} | F101: {=IF(OR((F$85>=$AY$11:$AY$38)*(F$48<=$AZ$11:$AZ$38)>0),$B101,"")} | G101: {=IF(OR((G$85>=$AY$11:$AY$38)*(G$48<=$AZ$11:$AZ$38)>0),$B101,"")} | H101: {=IF(OR((H$85>=$AY$11:$AY$38)*(H$48<=$AZ$11:$AZ$38)>0),$B101,"")} | I101: {=IF(OR((I$85>=$AY$11:$AY$38)*(I$48<=$AZ$11:$AZ$38)>0),$B101,"")} | J101: {=IF(OR((J$85>=$AY$11:$AY$38)*(J$48<=$AZ$11:$AZ$38)>0),$B101,"")} | ... N101: {=IF(OR((N$85>=$AY$11:$AY$38)*(N$48<=$AZ$11:$AZ$38)>0),$B101,"")} | Q101: {=IF(OR((Q$85>=$AY$11:$AY$38)*(Q$48<=$AZ$11:$AZ$38)>0),$B101,"")} | R101: {=IF(OR((R$85>=$AY$11:$AY$38)*(R$48<=$AZ$11:$AZ$38)>0),$B101,"")} | S101: {=IF(OR((S$85>=$AY$11:$AY$38)*(S$48<=$AZ$11:$AZ$38)>0),$B101,"")} | T101: {=IF(OR((T$85>=$AY$11:$AY$38)*(T$48<=$AZ$11:$AZ$38)>0),$B101,"")} | U101: {=IF(OR((U$85>=$AY$11:$AY$38)*(U$48<=$AZ$11:$AZ$38)>0),$B101,"")} | V101: {=IF(OR((V$85>=$AY$11:$AY$38)*(V$48<=$AZ$11:$AZ$38)>0),$B101,"")} | W101: {=IF(OR((W$85>=$AY$11:$AY$38)*(W$48<=$AZ$11:$AZ$38)>0),$B101,"")} | X101: {=IF(OR((X$85>=$AY$11:$AY$38)*(X$48<=$AZ$11:$AZ$38)>0),$B101,"")} | ... AI101: {=IF(OR((AI$85>=$AY$11:$AY$38)*(AI$48<=$AZ$11:$AZ$38)>0),$B101,"")} | AK101: Total AA Size Battery (SFT, LDM) | AL101: 1188 | AM101: {=IF(OR((AM$85>=$AY$11:$AY$38)*(AM$48<=$AZ$11:$AZ$38)>0),$B101,"")} | AN101: {=IF(OR((AN$85>=$AY$11:$AY$38)*(AN$48<=$AZ$11:$AZ$38)>0),$B101,"")} | AO101: {=IF(OR((AO$85>=$AY$11:$AY$38)*(AO$48<=$AZ$11:$AZ$38)>0),$B101,"")} | AP101: {=IF(OR((AP$85>=$AY$11:$AY$38)*(AP$48<=$AZ$11:$AZ$38)>0),$B101,"")} | AQ101: {=IF(OR((AQ$85>=$AY$11:$AY$38)*(AQ$48<=$AZ$11:$AZ$38)>0),$B101,"")} | AR101: {=IF(OR((AR$85>=$AY$11:$AY$38)*(AR$48<=$AZ$11:$AZ$38)>0),$B101,"")} | AS101: {=IF(OR((AS$85>=$AY$11:$AY$38)*(AS$48<=$AZ$11:$AZ$38)>0),$B101,"")} | AT101: {=IF(OR((AT$85>=$AY$11:$AY$38)*(AT$48<=$AZ$11:$AZ$38)>0),$B101,"")} | ... AX101: {=IF(OR((AX$85>=$AY$11:$AY$38)*(AX$48<=$AZ$11:$AZ$38)>0),$B101,"")} | BA101: {=IF(OR((BA$85>=$AY$11:$AY$38)*(BA$48<=$AZ$11:$AZ$38)>0),$B101,"")} | BB101: {=IF(OR((BB$85>=$AY$11:$AY$38)*(BB$48<=$AZ$11:$AZ$38)>0),$B101,"")} | BC101: {=IF(OR((BC$85>=$AY$11:$AY$38)*(BC$48<=$AZ$11:$AZ$38)>0),$B101,"")} | BD101: {=IF(OR((BD$85>=$AY$11:$AY$38)*(BD$48<=$AZ$11:$AZ$38)>0),$B101,"")} | BE101: {=IF(OR((BE$85>=$AY$11:$AY$38)*(BE$48<=$AZ$11:$AZ$38)>0),$B101,"")} | BF101: {=IF(OR((BF$85>=$AY$11:$AY$38)*(BF$48<=$AZ$11:$AZ$38)>0),$B101,"")} | BG101: {=IF(OR((BG$85>=$AY$11:$AY$38)*(BG$48<=$AZ$11:$AZ$38)>0),$B101,"")} | BH101: {=IF(OR((BH$85>=$AY$11:$AY$38)*(BH$48<=$AZ$11:$AZ$38)>0),$B101,"")} | ... BS101: {=IF(OR((BS$85>=$AY$11:$AY$38)*(BS$48<=$AZ$11:$AZ$38)>0),$B101,"")} | BU101: Total AA Size Battery (SFT, LDM) | BV101: 1188 | BW101: {=IF(OR((BW$85>=$AY$11:$AY$38)*(BW$48<=$AZ$11:$AZ$38)>0),$B101,"")} | BX101: {=IF(OR((BX$85>=$AY$11:$AY$38)*(BX$48<=$AZ$11:$AZ$38)>0),$B101,"")} | BY101: {=IF(OR((BY$85>=$AY$11:$AY$38)*(BY$48<=$AZ$11:$AZ$38)>0),$B101,"")} | BZ101: {=IF(OR((BZ$85>=$AY$11:$AY$38)*(BZ$48<=$AZ$11:$AZ$38)>0),$B101,"")} | CA101: {=IF(OR((CA$85>=$AY$11:$AY$38)*(CA$48<=$AZ$11:$AZ$38)>0),$B101,"")} | CB101: {=IF(OR((CB$85>=$AY$11:$AY$38)*(CB$48<=$AZ$11:$AZ$38)>0),$B101,"")} | CC101: {=IF(OR((CC$85>=$AY$11:$AY$38)*(CC$48<=$AZ$11:$AZ$38)>0),$B101,"")} | CD101: {=IF(OR((CD$85>=$AY$11:$AY$38)*(CD$48<=$AZ$11:$AZ$38)>0),$B101,"")} | ... CH101: {=IF(OR((CH$85>=$AY$11:$AY$38)*(CH$48<=$AZ$11:$AZ$38)>0),$B101,"")} | CK101: {=IF(OR((CK$85>=$AY$11:$AY$38)*(CK$48<=$AZ$11:$AZ$38)>0),$B101,"")} | CL101: {=IF(OR((CL$85>=$AY$11:$AY$38)*(CL$48<=$AZ$11:$AZ$38)>0),$B101,"")} | CM101: {=IF(OR((CM$85>=$AY$11:$AY$38)*(CM$48<=$AZ$11:$AZ$38)>0),$B101,"")} | CN101: {=IF(OR((CN$85>=$AY$11:$AY$38)*(CN$48<=$AZ$11:$AZ$38)>0),$B101,"")} | CO101: {=IF(OR((CO$85>=$AY$11:$AY$38)*(CO$48<=$AZ$11:$AZ$38)>0),$B101,"")} | CP101: {=IF(OR((CP$85>=$AY$11:$AY$38)*(CP$48<=$AZ$11:$AZ$38)>0),$B101,"")} | CQ101: {=IF(OR((CQ$85>=$AY$11:$AY$38)*(CQ$48<=$AZ$11:$AZ$38)>0),$B101,"")} | CR101: {=IF(OR((CR$85>=$AY$11:$AY$38)*(CR$48<=$AZ$11:$AZ$38)>0),$B101,"")} | ... DC101: {=IF(OR((DC$85>=$AY$11:$AY$38)*(DC$48<=$AZ$11:$AZ$38)>0),$B101,"")}
A102: Total 9Volt Battery (Laser Target Locator Battery) | B102: 24 | C102: {=IF(OR((C$85>=$AY$11:$AY$38)*(C$48<=$AZ$11:$AZ$38)>0),$B102,"")} | D102: {=IF(OR((D$85>=$AY$11:$AY$38)*(D$48<=$AZ$11:$AZ$38)>0),$B102,"")} | E102: {=IF(OR((E$85>=$AY$11:$AY$38)*(E$48<=$AZ$11:$AZ$38)>0),$B102,"")} | F102: {=IF(OR((F$85>=$AY$11:$AY$38)*(F$48<=$AZ$11:$AZ$38)>0),$B102,"")} | G102: {=IF(OR((G$85>=$AY$11:$AY$38)*(G$48<=$AZ$11:$AZ$38)>0),$B102,"")} | H102: {=IF(OR((H$85>=$AY$11:$AY$38)*(H$48<=$AZ$11:$AZ$38)>0),$B102,"")} | I102: {=IF(OR((I$85>=$AY$11:$AY$38)*(I$48<=$AZ$11:$AZ$38)>0),$B102,"")} | J102: {=IF(OR((J$85>=$AY$11:$AY$38)*(J$48<=$AZ$11:$AZ$38)>0),$B102,"")} | ... N102: {=IF(OR((N$85>=$AY$11:$AY$38)*(N$48<=$AZ$11:$AZ$38)>0),$B102,"")} | Q102: {=IF(OR((Q$85>=$AY$11:$AY$38)*(Q$48<=$AZ$11:$AZ$38)>0),$B102,"")} | R102: {=IF(OR((R$85>=$AY$11:$AY$38)*(R$48<=$AZ$11:$AZ$38)>0),$B102,"")} | S102: {=IF(OR((S$85>=$AY$11:$AY$38)*(S$48<=$AZ$11:$AZ$38)>0),$B102,"")} | T102: {=IF(OR((T$85>=$AY$11:$AY$38)*(T$48<=$AZ$11:$AZ$38)>0),$B102,"")} | U102: {=IF(OR((U$85>=$AY$11:$AY$38)*(U$48<=$AZ$11:$AZ$38)>0),$B102,"")} | V102: {=IF(OR((V$85>=$AY$11:$AY$38)*(V$48<=$AZ$11:$AZ$38)>0),$B102,"")} | W102: {=IF(OR((W$85>=$AY$11:$AY$38)*(W$48<=$AZ$11:$AZ$38)>0),$B102,"")} | X102: {=IF(OR((X$85>=$AY$11:$AY$38)*(X$48<=$AZ$11:$AZ$38)>0),$B102,"")} | ... AI102: {=IF(OR((AI$85>=$AY$11:$AY$38)*(AI$48<=$AZ$11:$AZ$38)>0),$B102,"")} | AK102: Total 9Volt Battery (Laser Target Locator Battery) | AL102: 24 | AM102: {=IF(OR((AM$85>=$AY$11:$AY$38)*(AM$48<=$AZ$11:$AZ$38)>0),$B102,"")} | AN102: {=IF(OR((AN$85>=$AY$11:$AY$38)*(AN$48<=$AZ$11:$AZ$38)>0),$B102,"")} | AO102: {=IF(OR((AO$85>=$AY$11:$AY$38)*(AO$48<=$AZ$11:$AZ$38)>0),$B102,"")} | AP102: {=IF(OR((AP$85>=$AY$11:$AY$38)*(AP$48<=$AZ$11:$AZ$38)>0),$B102,"")} | AQ102: {=IF(OR((AQ$85>=$AY$11:$AY$38)*(AQ$48<=$AZ$11:$AZ$38)>0),$B102,"")} | AR102: {=IF(OR((AR$85>=$AY$11:$AY$38)*(AR$48<=$AZ$11:$AZ$38)>0),$B102,"")} | AS102: {=IF(OR((AS$85>=$AY$11:$AY$38)*(AS$48<=$AZ$11:$AZ$38)>0),$B102,"")} | AT102: {=IF(OR((AT$85>=$AY$11:$AY$38)*(AT$48<=$AZ$11:$AZ$38)>0),$B102,"")} | ... AX102: {=IF(OR((AX$85>=$AY$11:$AY$38)*(AX$48<=$AZ$11:$AZ$38)>0),$B102,"")} | BA102: {=IF(OR((BA$85>=$AY$11:$AY$38)*(BA$48<=$AZ$11:$AZ$38)>0),$B102,"")} | BB102: {=IF(OR((BB$85>=$AY$11:$AY$38)*(BB$48<=$AZ$11:$AZ$38)>0),$B102,"")} | BC102: {=IF(OR((BC$85>=$AY$11:$AY$38)*(BC$48<=$AZ$11:$AZ$38)>0),$B102,"")} | BD102: {=IF(OR((BD$85>=$AY$11:$AY$38)*(BD$48<=$AZ$11:$AZ$38)>0),$B102,"")} | BE102: {=IF(OR((BE$85>=$AY$11:$AY$38)*(BE$48<=$AZ$11:$AZ$38)>0),$B102,"")} | BF102: {=IF(OR((BF$85>=$AY$11:$AY$38)*(BF$48<=$AZ$11:$AZ$38)>0),$B102,"")} | BG102: {=IF(OR((BG$85>=$AY$11:$AY$38)*(BG$48<=$AZ$11:$AZ$38)>0),$B102,"")} | BH102: {=IF(OR((BH$85>=$AY$11:$AY$38)*(BH$48<=$AZ$11:$AZ$38)>0),$B102,"")} | ... BS102: {=IF(OR((BS$85>=$AY$11:$AY$38)*(BS$48<=$AZ$11:$AZ$38)>0),$B102,"")} | BU102: Total 9Volt Battery (Laser Target Locator Battery) | BV102: 24 | BW102: {=IF(OR((BW$85>=$AY$11:$AY$38)*(BW$48<=$AZ$11:$AZ$38)>0),$B102,"")} | BX102: {=IF(OR((BX$85>=$AY$11:$AY$38)*(BX$48<=$AZ$11:$AZ$38)>0),$B102,"")} | BY102: {=IF(OR((BY$85>=$AY$11:$AY$38)*(BY$48<=$AZ$11:$AZ$38)>0),$B102,"")} | BZ102: {=IF(OR((BZ$85>=$AY$11:$AY$38)*(BZ$48<=$AZ$11:$AZ$38)>0),$B102,"")} | CA102: {=IF(OR((CA$85>=$AY$11:$AY$38)*(CA$48<=$AZ$11:$AZ$38)>0),$B102,"")} | CB102: {=IF(OR((CB$85>=$AY$11:$AY$38)*(CB$48<=$AZ$11:$AZ$38)>0),$B102,"")} | CC102: {=IF(OR((CC$85>=$AY$11:$AY$38)*(CC$48<=$AZ$11:$AZ$38)>0),$B102,"")} | CD102: {=IF(OR((CD$85>=$AY$11:$AY$38)*(CD$48<=$AZ$11:$AZ$38)>0),$B102,"")} | ... CH102: {=IF(OR((CH$85>=$AY$11:$AY$38)*(CH$48<=$AZ$11:$AZ$38)>0),$B102,"")} | CK102: {=IF(OR((CK$85>=$AY$11:$AY$38)*(CK$48<=$AZ$11:$AZ$38)>0),$B102,"")} | CL102: {=IF(OR((CL$85>=$AY$11:$AY$38)*(CL$48<=$AZ$11:$AZ$38)>0),$B102,"")} | CM102: {=IF(OR((CM$85>=$AY$11:$AY$38)*(CM$48<=$AZ$11:$AZ$38)>0),$B102,"")} | CN102: {=IF(OR((CN$85>=$AY$11:$AY$38)*(CN$48<=$AZ$11:$AZ$38)>0),$B102,"")} | CO102: {=IF(OR((CO$85>=$AY$11:$AY$38)*(CO$48<=$AZ$11:$AZ$38)>0),$B102,"")} | CP102: {=IF(OR((CP$85>=$AY$11:$AY$38)*(CP$48<=$AZ$11:$AZ$38)>0),$B102,"")} | CQ102: {=IF(OR((CQ$85>=$AY$11:$AY$38)*(CQ$48<=$AZ$11:$AZ$38)>0),$B102,"")} | CR102: {=IF(OR((CR$85>=$AY$11:$AY$38)*(CR$48<=$AZ$11:$AZ$38)>0),$B102,"")} | ... DC102: {=IF(OR((DC$85>=$AY$11:$AY$38)*(DC$48<=$AZ$11:$AZ$38)>0),$B102,"")}
A103: M203 Battery Charger | B103: 1 | C103: {=IF(OR((C$85>=$AY$11:$AY$38)*(C$48<=$AZ$11:$AZ$38)>0),$B103,"")} | D103: {=IF(OR((D$85>=$AY$11:$AY$38)*(D$48<=$AZ$11:$AZ$38)>0),$B103,"")} | E103: {=IF(OR((E$85>=$AY$11:$AY$38)*(E$48<=$AZ$11:$AZ$38)>0),$B103,"")} | F103: {=IF(OR((F$85>=$AY$11:$AY$38)*(F$48<=$AZ$11:$AZ$38)>0),$B103,"")} | G103: {=IF(OR((G$85>=$AY$11:$AY$38)*(G$48<=$AZ$11:$AZ$38)>0),$B103,"")} | H103: {=IF(OR((H$85>=$AY$11:$AY$38)*(H$48<=$AZ$11:$AZ$38)>0),$B103,"")} | I103: {=IF(OR((I$85>=$AY$11:$AY$38)*(I$48<=$AZ$11:$AZ$38)>0),$B103,"")} | J103: {=IF(OR((J$85>=$AY$11:$AY$38)*(J$48<=$AZ$11:$AZ$38)>0),$B103,"")} | ... N103: {=IF(OR((N$85>=$AY$11:$AY$38)*(N$48<=$AZ$11:$AZ$38)>0),$B103,"")} | Q103: {=IF(OR((Q$85>=$AY$11:$AY$38)*(Q$48<=$AZ$11:$AZ$38)>0),$B103,"")} | R103: {=IF(OR((R$85>=$AY$11:$AY$38)*(R$48<=$AZ$11:$AZ$38)>0),$B103,"")} | S103: {=IF(OR((S$85>=$AY$11:$AY$38)*(S$48<=$AZ$11:$AZ$38)>0),$B103,"")} | T103: {=IF(OR((T$85>=$AY$11:$AY$38)*(T$48<=$AZ$11:$AZ$38)>0),$B103,"")} | U103: {=IF(OR((U$85>=$AY$11:$AY$38)*(U$48<=$AZ$11:$AZ$38)>0),$B103,"")} | V103: {=IF(OR((V$85>=$AY$11:$AY$38)*(V$48<=$AZ$11:$AZ$38)>0),$B103,"")} | W103: {=IF(OR((W$85>=$AY$11:$AY$38)*(W$48<=$AZ$11:$AZ$38)>0),$B103,"")} | X103: {=IF(OR((X$85>=$AY$11:$AY$38)*(X$48<=$AZ$11:$AZ$38)>0),$B103,"")} | ... AI103: {=IF(OR((AI$85>=$AY$11:$AY$38)*(AI$48<=$AZ$11:$AZ$38)>0),$B103,"")} | AK103: M203 Battery Charger | AL103: 1 | AM103: {=IF(OR((AM$85>=$AY$11:$AY$38)*(AM$48<=$AZ$11:$AZ$38)>0),$B103,"")} | AN103: {=IF(OR((AN$85>=$AY$11:$AY$38)*(AN$48<=$AZ$11:$AZ$38)>0),$B103,"")} | AO103: {=IF(OR((AO$85>=$AY$11:$AY$38)*(AO$48<=$AZ$11:$AZ$38)>0),$B103,"")} | AP103: {=IF(OR((AP$85>=$AY$11:$AY$38)*(AP$48<=$AZ$11:$AZ$38)>0),$B103,"")} | AQ103: {=IF(OR((AQ$85>=$AY$11:$AY$38)*(AQ$48<=$AZ$11:$AZ$38)>0),$B103,"")} | AR103: {=IF(OR((AR$85>=$AY$11:$AY$38)*(AR$48<=$AZ$11:$AZ$38)>0),$B103,"")} | AS103: {=IF(OR((AS$85>=$AY$11:$AY$38)*(AS$48<=$AZ$11:$AZ$38)>0),$B103,"")} | AT103: {=IF(OR((AT$85>=$AY$11:$AY$38)*(AT$48<=$AZ$11:$AZ$38)>0),$B103,"")} | ... AX103: {=IF(OR((AX$85>=$AY$11:$AY$38)*(AX$48<=$AZ$11:$AZ$38)>0),$B103,"")} | BA103: {=IF(OR((BA$85>=$AY$11:$AY$38)*(BA$48<=$AZ$11:$AZ$38)>0),$B103,"")} | BB103: {=IF(OR((BB$85>=$AY$11:$AY$38)*(BB$48<=$AZ$11:$AZ$38)>0),$B103,"")} | BC103: {=IF(OR((BC$85>=$AY$11:$AY$38)*(BC$48<=$AZ$11:$AZ$38)>0),$B103,"")} | BD103: {=IF(OR((BD$85>=$AY$11:$AY$38)*(BD$48<=$AZ$11:$AZ$38)>0),$B103,"")} | BE103: {=IF(OR((BE$85>=$AY$11:$AY$38)*(BE$48<=$AZ$11:$AZ$38)>0),$B103,"")} | BF103: {=IF(OR((BF$85>=$AY$11:$AY$38)*(BF$48<=$AZ$11:$AZ$38)>0),$B103,"")} | BG103: {=IF(OR((BG$85>=$AY$11:$AY$38)*(BG$48<=$AZ$11:$AZ$38)>0),$B103,"")} | BH103: {=IF(OR((BH$85>=$AY$11:$AY$38)*(BH$48<=$AZ$11:$AZ$38)>0),$B103,"")} | ... BS103: {=IF(OR((BS$85>=$AY$11:$AY$38)*(BS$48<=$AZ$11:$AZ$38)>0),$B103,"")} | BU103: M203 Battery Charger | BV103: 1 | BW103: {=IF(OR((BW$85>=$AY$11:$AY$38)*(BW$48<=$AZ$11:$AZ$38)>0),$B103,"")} | BX103: {=IF(OR((BX$85>=$AY$11:$AY$38)*(BX$48<=$AZ$11:$AZ$38)>0),$B103,"")} | BY103: {=IF(OR((BY$85>=$AY$11:$AY$38)*(BY$48<=$AZ$11:$AZ$38)>0),$B103,"")} | BZ103: {=IF(OR((BZ$85>=$AY$11:$AY$38)*(BZ$48<=$AZ$11:$AZ$38)>0),$B103,"")} | CA103: {=IF(OR((CA$85>=$AY$11:$AY$38)*(CA$48<=$AZ$11:$AZ$38)>0),$B103,"")} | CB103: {=IF(OR((CB$85>=$AY$11:$AY$38)*(CB$48<=$AZ$11:$AZ$38)>0),$B103,"")} | CC103: {=IF(OR((CC$85>=$AY$11:$AY$38)*(CC$48<=$AZ$11:$AZ$38)>0),$B103,"")} | CD103: {=IF(OR((CD$85>=$AY$11:$AY$38)*(CD$48<=$AZ$11:$AZ$38)>0),$B103,"")} | ... CH103: {=IF(OR((CH$85>=$AY$11:$AY$38)*(CH$48<=$AZ$11:$AZ$38)>0),$B103,"")} | CK103: {=IF(OR((CK$85>=$AY$11:$AY$38)*(CK$48<=$AZ$11:$AZ$38)>0),$B103,"")} | CL103: {=IF(OR((CL$85>=$AY$11:$AY$38)*(CL$48<=$AZ$11:$AZ$38)>0),$B103,"")} | CM103: {=IF(OR((CM$85>=$AY$11:$AY$38)*(CM$48<=$AZ$11:$AZ$38)>0),$B103,"")} | CN103: {=IF(OR((CN$85>=$AY$11:$AY$38)*(CN$48<=$AZ$11:$AZ$38)>0),$B103,"")} | CO103: {=IF(OR((CO$85>=$AY$11:$AY$38)*(CO$48<=$AZ$11:$AZ$38)>0),$B103,"")} | CP103: {=IF(OR((CP$85>=$AY$11:$AY$38)*(CP$48<=$AZ$11:$AZ$38)>0),$B103,"")} | CQ103: {=IF(OR((CQ$85>=$AY$11:$AY$38)*(CQ$48<=$AZ$11:$AZ$38)>0),$B103,"")} | CR103: {=IF(OR((CR$85>=$AY$11:$AY$38)*(CR$48<=$AZ$11:$AZ$38)>0),$B103,"")} | ... DC103: {=IF(OR((DC$85>=$AY$11:$AY$38)*(DC$48<=$AZ$11:$AZ$38)>0),$B103,"")}
A105: HELI | AK105: HELI | BU105: HELI
B106: Default | C106: =EOMONTH($A$1,-1) -> 46265 | D106: =C106+1 -> 46266 | E106: =D106+1 -> 46267 | F106: =E106+1 -> 46268 | G106: =F106+1 -> 46269 | H106: =G106+1 -> 46270 | I106: =H106+1 -> 46271 | J106: =I106+1 -> 46272 | K106: =J106+1 -> 46273 | ... AI106: =AH106+1 -> 46297 | AL106: Default | AM106: =EOMONTH($A$1,-1) -> 46265 | AN106: =AM106+1 -> 46266 | AO106: =AN106+1 -> 46267 | AP106: =AO106+1 -> 46268 | AQ106: =AP106+1 -> 46269 | AR106: =AQ106+1 -> 46270 | AS106: =AR106+1 -> 46271 | AT106: =AS106+1 -> 46272 | AU106: =AT106+1 -> 46273 | ... BS106: =BR106+1 -> 46297 | BV106: Default | BW106: =EOMONTH($A$1,-1) -> 46265 | BX106: =BW106+1 -> 46266 | BY106: =BX106+1 -> 46267 | BZ106: =BY106+1 -> 46268 | CA106: =BZ106+1 -> 46269 | CB106: =CA106+1 -> 46270 | CC106: =CB106+1 -> 46271 | CD106: =CC106+1 -> 46272 | CE106: =CD106+1 -> 46273 | ... DC106: =DB106+1 -> 46297
A107: HELI Belts | B107: ='[1](Fill In) SIAO'!C3 -> 57 | C107: {=IF(OR((C$106>=$BA$11:$BA$38)*(C$48<=$BB$11:$BB$38)>0),$B107,"")} | D107: {=IF(OR((D$106>=$BA$11:$BA$38)*(D$48<=$BB$11:$BB$38)>0),$B107,"")} | E107: {=IF(OR((E$106>=$BA$11:$BA$38)*(E$48<=$BB$11:$BB$38)>0),$B107,"")} | F107: {=IF(OR((F$106>=$BA$11:$BA$38)*(F$48<=$BB$11:$BB$38)>0),$B107,"")} | G107: {=IF(OR((G$106>=$BA$11:$BA$38)*(G$48<=$BB$11:$BB$38)>0),$B107,"")} | H107: {=IF(OR((H$106>=$BA$11:$BA$38)*(H$48<=$BB$11:$BB$38)>0),$B107,"")} | I107: {=IF(OR((I$106>=$BA$11:$BA$38)*(I$48<=$BB$11:$BB$38)>0),$B107,"")} | J107: {=IF(OR((J$106>=$BA$11:$BA$38)*(J$48<=$BB$11:$BB$38)>0),$B107,"")} | ... P107: {=IF(OR((P$106>=$BA$11:$BA$38)*(P$48<=$BB$11:$BB$38)>0),$B107,"")} | S107: {=IF(OR((S$106>=$BA$11:$BA$38)*(S$48<=$BB$11:$BB$38)>0),$B107,"")} | T107: {=IF(OR((T$106>=$BA$11:$BA$38)*(T$48<=$BB$11:$BB$38)>0),$B107,"")} | U107: {=IF(OR((U$106>=$BA$11:$BA$38)*(U$48<=$BB$11:$BB$38)>0),$B107,"")} | V107: {=IF(OR((V$106>=$BA$11:$BA$38)*(V$48<=$BB$11:$BB$38)>0),$B107,"")} | W107: {=IF(OR((W$106>=$BA$11:$BA$38)*(W$48<=$BB$11:$BB$38)>0),$B107,"")} | X107: {=IF(OR((X$106>=$BA$11:$BA$38)*(X$48<=$BB$11:$BB$38)>0),$B107,"")} | Y107: {=IF(OR((Y$106>=$BA$11:$BA$38)*(Y$48<=$BB$11:$BB$38)>0),$B107,"")} | Z107: {=IF(OR((Z$106>=$BA$11:$BA$38)*(Z$48<=$BB$11:$BB$38)>0),$B107,"")} | ... AI107: {=IF(OR((AI$106>=$BA$11:$BA$38)*(AI$48<=$BB$11:$BB$38)>0),$B107,"")} | AK107: HELI Belts | AL107: ='[1](Fill In) SIAO'!AM3 -> 0 | AM107: {=IF(OR((AM$106>=$BA$11:$BA$38)*(AM$48<=$BB$11:$BB$38)>0),$B107,"")} | AN107: {=IF(OR((AN$106>=$BA$11:$BA$38)*(AN$48<=$BB$11:$BB$38)>0),$B107,"")} | AO107: {=IF(OR((AO$106>=$BA$11:$BA$38)*(AO$48<=$BB$11:$BB$38)>0),$B107,"")} | AP107: {=IF(OR((AP$106>=$BA$11:$BA$38)*(AP$48<=$BB$11:$BB$38)>0),$B107,"")} | AQ107: {=IF(OR((AQ$106>=$BA$11:$BA$38)*(AQ$48<=$BB$11:$BB$38)>0),$B107,"")} | AR107: {=IF(OR((AR$106>=$BA$11:$BA$38)*(AR$48<=$BB$11:$BB$38)>0),$B107,"")} | AS107: {=IF(OR((AS$106>=$BA$11:$BA$38)*(AS$48<=$BB$11:$BB$38)>0),$B107,"")} | AT107: {=IF(OR((AT$106>=$BA$11:$BA$38)*(AT$48<=$BB$11:$BB$38)>0),$B107,"")} | ... AZ107: {=IF(OR((AZ$106>=$BA$11:$BA$38)*(AZ$48<=$BB$11:$BB$38)>0),$B107,"")} | BC107: {=IF(OR((BC$106>=$BA$11:$BA$38)*(BC$48<=$BB$11:$BB$38)>0),$B107,"")} | BD107: {=IF(OR((BD$106>=$BA$11:$BA$38)*(BD$48<=$BB$11:$BB$38)>0),$B107,"")} | BE107: {=IF(OR((BE$106>=$BA$11:$BA$38)*(BE$48<=$BB$11:$BB$38)>0),$B107,"")} | BF107: {=IF(OR((BF$106>=$BA$11:$BA$38)*(BF$48<=$BB$11:$BB$38)>0),$B107,"")} | BG107: {=IF(OR((BG$106>=$BA$11:$BA$38)*(BG$48<=$BB$11:$BB$38)>0),$B107,"")} | BH107: {=IF(OR((BH$106>=$BA$11:$BA$38)*(BH$48<=$BB$11:$BB$38)>0),$B107,"")} | BI107: {=IF(OR((BI$106>=$BA$11:$BA$38)*(BI$48<=$BB$11:$BB$38)>0),$B107,"")} | BJ107: {=IF(OR((BJ$106>=$BA$11:$BA$38)*(BJ$48<=$BB$11:$BB$38)>0),$B107,"")} | ... BS107: {=IF(OR((BS$106>=$BA$11:$BA$38)*(BS$48<=$BB$11:$BB$38)>0),$B107,"")} | BU107: HELI Belts | BV107: ='[1](Fill In) SIAO'!BW3 -> 0 | BW107: {=IF(OR((BW$106>=$BA$11:$BA$38)*(BW$48<=$BB$11:$BB$38)>0),$B107,"")} | BX107: {=IF(OR((BX$106>=$BA$11:$BA$38)*(BX$48<=$BB$11:$BB$38)>0),$B107,"")} | BY107: {=IF(OR((BY$106>=$BA$11:$BA$38)*(BY$48<=$BB$11:$BB$38)>0),$B107,"")} | BZ107: {=IF(OR((BZ$106>=$BA$11:$BA$38)*(BZ$48<=$BB$11:$BB$38)>0),$B107,"")} | CA107: {=IF(OR((CA$106>=$BA$11:$BA$38)*(CA$48<=$BB$11:$BB$38)>0),$B107,"")} | CB107: {=IF(OR((CB$106>=$BA$11:$BA$38)*(CB$48<=$BB$11:$BB$38)>0),$B107,"")} | CC107: {=IF(OR((CC$106>=$BA$11:$BA$38)*(CC$48<=$BB$11:$BB$38)>0),$B107,"")} | CD107: {=IF(OR((CD$106>=$BA$11:$BA$38)*(CD$48<=$BB$11:$BB$38)>0),$B107,"")} | ... CJ107: {=IF(OR((CJ$106>=$BA$11:$BA$38)*(CJ$48<=$BB$11:$BB$38)>0),$B107,"")} | CM107: {=IF(OR((CM$106>=$BA$11:$BA$38)*(CM$48<=$BB$11:$BB$38)>0),$B107,"")} | CN107: {=IF(OR((CN$106>=$BA$11:$BA$38)*(CN$48<=$BB$11:$BB$38)>0),$B107,"")} | CO107: {=IF(OR((CO$106>=$BA$11:$BA$38)*(CO$48<=$BB$11:$BB$38)>0),$B107,"")} | CP107: {=IF(OR((CP$106>=$BA$11:$BA$38)*(CP$48<=$BB$11:$BB$38)>0),$B107,"")} | CQ107: {=IF(OR((CQ$106>=$BA$11:$BA$38)*(CQ$48<=$BB$11:$BB$38)>0),$B107,"")} | CR107: {=IF(OR((CR$106>=$BA$11:$BA$38)*(CR$48<=$BB$11:$BB$38)>0),$B107,"")} | CS107: {=IF(OR((CS$106>=$BA$11:$BA$38)*(CS$48<=$BB$11:$BB$38)>0),$B107,"")} | CT107: {=IF(OR((CT$106>=$BA$11:$BA$38)*(CT$48<=$BB$11:$BB$38)>0),$B107,"")} | ... DC107: {=IF(OR((DC$106>=$BA$11:$BA$38)*(DC$48<=$BB$11:$BB$38)>0),$B107,"")}
A109: MMR | AK109: MMR | BU109: MMR
B110: Default | C110: =EOMONTH($A$1,-1) -> 46265 | D110: =C110+1 -> 46266 | E110: =D110+1 -> 46267 | F110: =E110+1 -> 46268 | G110: =F110+1 -> 46269 | H110: =G110+1 -> 46270 | I110: =H110+1 -> 46271 | J110: =I110+1 -> 46272 | K110: =J110+1 -> 46273 | ... AI110: =AH110+1 -> 46297 | AL110: Default | AM110: =EOMONTH($A$1,-1) -> 46265 | AN110: =AM110+1 -> 46266 | AO110: =AN110+1 -> 46267 | AP110: =AO110+1 -> 46268 | AQ110: =AP110+1 -> 46269 | AR110: =AQ110+1 -> 46270 | AS110: =AR110+1 -> 46271 | AT110: =AS110+1 -> 46272 | AU110: =AT110+1 -> 46273 | ... BS110: =BR110+1 -> 46297 | BV110: Default | BW110: =EOMONTH($A$1,-1) -> 46265 | BX110: =BW110+1 -> 46266 | BY110: =BX110+1 -> 46267 | BZ110: =BY110+1 -> 46268 | CA110: =BZ110+1 -> 46269 | CB110: =CA110+1 -> 46270 | CC110: =CB110+1 -> 46271 | CD110: =CC110+1 -> 46272 | CE110: =CD110+1 -> 46273 | ... DC110: =DB110+1 -> 46297
A111: Weapon Conversion Kit | B111: ='[1](Fill In) SIAO'!C3 -> 57 | C111: {=IF(OR((C$110>=$BC$11:$BC$38)*(C$48<=$BD$11:$BD$38)>0),$B111,"")} | D111: {=IF(OR((D$110>=$BC$11:$BC$38)*(D$48<=$BD$11:$BD$38)>0),$B111,"")} | E111: {=IF(OR((E$110>=$BC$11:$BC$38)*(E$48<=$BD$11:$BD$38)>0),$B111,"")} | F111: {=IF(OR((F$110>=$BC$11:$BC$38)*(F$48<=$BD$11:$BD$38)>0),$B111,"")} | G111: {=IF(OR((G$110>=$BC$11:$BC$38)*(G$48<=$BD$11:$BD$38)>0),$B111,"")} | H111: {=IF(OR((H$110>=$BC$11:$BC$38)*(H$48<=$BD$11:$BD$38)>0),$B111,"")} | I111: {=IF(OR((I$110>=$BC$11:$BC$38)*(I$48<=$BD$11:$BD$38)>0),$B111,"")} | J111: {=IF(OR((J$110>=$BC$11:$BC$38)*(J$48<=$BD$11:$BD$38)>0),$B111,"")} | ... R111: {=IF(OR((R$110>=$BC$11:$BC$38)*(R$48<=$BD$11:$BD$38)>0),$B111,"")} | U111: {=IF(OR((U$110>=$BC$11:$BC$38)*(U$48<=$BD$11:$BD$38)>0),$B111,"")} | V111: {=IF(OR((V$110>=$BC$11:$BC$38)*(V$48<=$BD$11:$BD$38)>0),$B111,"")} | W111: {=IF(OR((W$110>=$BC$11:$BC$38)*(W$48<=$BD$11:$BD$38)>0),$B111,"")} | X111: {=IF(OR((X$110>=$BC$11:$BC$38)*(X$48<=$BD$11:$BD$38)>0),$B111,"")} | Y111: {=IF(OR((Y$110>=$BC$11:$BC$38)*(Y$48<=$BD$11:$BD$38)>0),$B111,"")} | Z111: {=IF(OR((Z$110>=$BC$11:$BC$38)*(Z$48<=$BD$11:$BD$38)>0),$B111,"")} | AA111: {=IF(OR((AA$110>=$BC$11:$BC$38)*(AA$48<=$BD$11:$BD$38)>0),$B111,"")} | AB111: {=IF(OR((AB$110>=$BC$11:$BC$38)*(AB$48<=$BD$11:$BD$38)>0),$B111,"")} | ... AI111: {=IF(OR((AI$110>=$BC$11:$BC$38)*(AI$48<=$BD$11:$BD$38)>0),$B111,"")} | AK111: Weapon Conversion Kit | AL111: ='[1](Fill In) SIAO'!AM3 -> 0 | AM111: {=IF(OR((AM$110>=$BC$11:$BC$38)*(AM$48<=$BD$11:$BD$38)>0),$B111,"")} | AN111: {=IF(OR((AN$110>=$BC$11:$BC$38)*(AN$48<=$BD$11:$BD$38)>0),$B111,"")} | AO111: {=IF(OR((AO$110>=$BC$11:$BC$38)*(AO$48<=$BD$11:$BD$38)>0),$B111,"")} | AP111: {=IF(OR((AP$110>=$BC$11:$BC$38)*(AP$48<=$BD$11:$BD$38)>0),$B111,"")} | AQ111: {=IF(OR((AQ$110>=$BC$11:$BC$38)*(AQ$48<=$BD$11:$BD$38)>0),$B111,"")} | AR111: {=IF(OR((AR$110>=$BC$11:$BC$38)*(AR$48<=$BD$11:$BD$38)>0),$B111,"")} | AS111: {=IF(OR((AS$110>=$BC$11:$BC$38)*(AS$48<=$BD$11:$BD$38)>0),$B111,"")} | AT111: {=IF(OR((AT$110>=$BC$11:$BC$38)*(AT$48<=$BD$11:$BD$38)>0),$B111,"")} | ... BB111: {=IF(OR((BB$110>=$BC$11:$BC$38)*(BB$48<=$BD$11:$BD$38)>0),$B111,"")} | BE111: {=IF(OR((BE$110>=$BC$11:$BC$38)*(BE$48<=$BD$11:$BD$38)>0),$B111,"")} | BF111: {=IF(OR((BF$110>=$BC$11:$BC$38)*(BF$48<=$BD$11:$BD$38)>0),$B111,"")} | BG111: {=IF(OR((BG$110>=$BC$11:$BC$38)*(BG$48<=$BD$11:$BD$38)>0),$B111,"")} | BH111: {=IF(OR((BH$110>=$BC$11:$BC$38)*(BH$48<=$BD$11:$BD$38)>0),$B111,"")} | BI111: {=IF(OR((BI$110>=$BC$11:$BC$38)*(BI$48<=$BD$11:$BD$38)>0),$B111,"")} | BJ111: {=IF(OR((BJ$110>=$BC$11:$BC$38)*(BJ$48<=$BD$11:$BD$38)>0),$B111,"")} | BK111: {=IF(OR((BK$110>=$BC$11:$BC$38)*(BK$48<=$BD$11:$BD$38)>0),$B111,"")} | BL111: {=IF(OR((BL$110>=$BC$11:$BC$38)*(BL$48<=$BD$11:$BD$38)>0),$B111,"")} | ... BS111: {=IF(OR((BS$110>=$BC$11:$BC$38)*(BS$48<=$BD$11:$BD$38)>0),$B111,"")} | BU111: Weapon Conversion Kit | BV111: ='[1](Fill In) SIAO'!BW3 -> 0 | BW111: {=IF(OR((BW$110>=$BC$11:$BC$38)*(BW$48<=$BD$11:$BD$38)>0),$B111,"")} | BX111: {=IF(OR((BX$110>=$BC$11:$BC$38)*(BX$48<=$BD$11:$BD$38)>0),$B111,"")} | BY111: {=IF(OR((BY$110>=$BC$11:$BC$38)*(BY$48<=$BD$11:$BD$38)>0),$B111,"")} | BZ111: {=IF(OR((BZ$110>=$BC$11:$BC$38)*(BZ$48<=$BD$11:$BD$38)>0),$B111,"")} | CA111: {=IF(OR((CA$110>=$BC$11:$BC$38)*(CA$48<=$BD$11:$BD$38)>0),$B111,"")} | CB111: {=IF(OR((CB$110>=$BC$11:$BC$38)*(CB$48<=$BD$11:$BD$38)>0),$B111,"")} | CC111: {=IF(OR((CC$110>=$BC$11:$BC$38)*(CC$48<=$BD$11:$BD$38)>0),$B111,"")} | CD111: {=IF(OR((CD$110>=$BC$11:$BC$38)*(CD$48<=$BD$11:$BD$38)>0),$B111,"")} | ... CL111: {=IF(OR((CL$110>=$BC$11:$BC$38)*(CL$48<=$BD$11:$BD$38)>0),$B111,"")}
A112: Protective Gear | B112: ='[1](Fill In) SIAO'!C3 -> 57 | C112: {=IF(OR((C$110>=$BC$11:$BC$38)*(C$48<=$BD$11:$BD$38)>0),$B112,"")} | D112: {=IF(OR((D$110>=$BC$11:$BC$38)*(D$48<=$BD$11:$BD$38)>0),$B112,"")} | E112: {=IF(OR((E$110>=$BC$11:$BC$38)*(E$48<=$BD$11:$BD$38)>0),$B112,"")} | F112: {=IF(OR((F$110>=$BC$11:$BC$38)*(F$48<=$BD$11:$BD$38)>0),$B112,"")} | G112: {=IF(OR((G$110>=$BC$11:$BC$38)*(G$48<=$BD$11:$BD$38)>0),$B112,"")} | H112: {=IF(OR((H$110>=$BC$11:$BC$38)*(H$48<=$BD$11:$BD$38)>0),$B112,"")} | I112: {=IF(OR((I$110>=$BC$11:$BC$38)*(I$48<=$BD$11:$BD$38)>0),$B112,"")} | J112: {=IF(OR((J$110>=$BC$11:$BC$38)*(J$48<=$BD$11:$BD$38)>0),$B112,"")} | ... R112: {=IF(OR((R$110>=$BC$11:$BC$38)*(R$48<=$BD$11:$BD$38)>0),$B112,"")} | U112: {=IF(OR((U$110>=$BC$11:$BC$38)*(U$48<=$BD$11:$BD$38)>0),$B112,"")} | V112: {=IF(OR((V$110>=$BC$11:$BC$38)*(V$48<=$BD$11:$BD$38)>0),$B112,"")} | W112: {=IF(OR((W$110>=$BC$11:$BC$38)*(W$48<=$BD$11:$BD$38)>0),$B112,"")} | X112: {=IF(OR((X$110>=$BC$11:$BC$38)*(X$48<=$BD$11:$BD$38)>0),$B112,"")} | Y112: {=IF(OR((Y$110>=$BC$11:$BC$38)*(Y$48<=$BD$11:$BD$38)>0),$B112,"")} | Z112: {=IF(OR((Z$110>=$BC$11:$BC$38)*(Z$48<=$BD$11:$BD$38)>0),$B112,"")} | AA112: {=IF(OR((AA$110>=$BC$11:$BC$38)*(AA$48<=$BD$11:$BD$38)>0),$B112,"")} | AB112: {=IF(OR((AB$110>=$BC$11:$BC$38)*(AB$48<=$BD$11:$BD$38)>0),$B112,"")} | ... AI112: {=IF(OR((AI$110>=$BC$11:$BC$38)*(AI$48<=$BD$11:$BD$38)>0),$B112,"")} | AK112: Protective Gear | AL112: ='[1](Fill In) SIAO'!AM3 -> 0 | AM112: {=IF(OR((AM$110>=$BC$11:$BC$38)*(AM$48<=$BD$11:$BD$38)>0),$B112,"")} | AN112: {=IF(OR((AN$110>=$BC$11:$BC$38)*(AN$48<=$BD$11:$BD$38)>0),$B112,"")} | AO112: {=IF(OR((AO$110>=$BC$11:$BC$38)*(AO$48<=$BD$11:$BD$38)>0),$B112,"")} | AP112: {=IF(OR((AP$110>=$BC$11:$BC$38)*(AP$48<=$BD$11:$BD$38)>0),$B112,"")} | AQ112: {=IF(OR((AQ$110>=$BC$11:$BC$38)*(AQ$48<=$BD$11:$BD$38)>0),$B112,"")} | AR112: {=IF(OR((AR$110>=$BC$11:$BC$38)*(AR$48<=$BD$11:$BD$38)>0),$B112,"")} | AS112: {=IF(OR((AS$110>=$BC$11:$BC$38)*(AS$48<=$BD$11:$BD$38)>0),$B112,"")} | AT112: {=IF(OR((AT$110>=$BC$11:$BC$38)*(AT$48<=$BD$11:$BD$38)>0),$B112,"")} | ... BB112: {=IF(OR((BB$110>=$BC$11:$BC$38)*(BB$48<=$BD$11:$BD$38)>0),$B112,"")} | BE112: {=IF(OR((BE$110>=$BC$11:$BC$38)*(BE$48<=$BD$11:$BD$38)>0),$B112,"")} | BF112: {=IF(OR((BF$110>=$BC$11:$BC$38)*(BF$48<=$BD$11:$BD$38)>0),$B112,"")} | BG112: {=IF(OR((BG$110>=$BC$11:$BC$38)*(BG$48<=$BD$11:$BD$38)>0),$B112,"")} | BH112: {=IF(OR((BH$110>=$BC$11:$BC$38)*(BH$48<=$BD$11:$BD$38)>0),$B112,"")} | BI112: {=IF(OR((BI$110>=$BC$11:$BC$38)*(BI$48<=$BD$11:$BD$38)>0),$B112,"")} | BJ112: {=IF(OR((BJ$110>=$BC$11:$BC$38)*(BJ$48<=$BD$11:$BD$38)>0),$B112,"")} | BK112: {=IF(OR((BK$110>=$BC$11:$BC$38)*(BK$48<=$BD$11:$BD$38)>0),$B112,"")} | BL112: {=IF(OR((BL$110>=$BC$11:$BC$38)*(BL$48<=$BD$11:$BD$38)>0),$B112,"")} | ... BS112: {=IF(OR((BS$110>=$BC$11:$BC$38)*(BS$48<=$BD$11:$BD$38)>0),$B112,"")} | BU112: Protective Gear | BV112: ='[1](Fill In) SIAO'!BW3 -> 0 | BW112: {=IF(OR((BW$110>=$BC$11:$BC$38)*(BW$48<=$BD$11:$BD$38)>0),$B112,"")} | BX112: {=IF(OR((BX$110>=$BC$11:$BC$38)*(BX$48<=$BD$11:$BD$38)>0),$B112,"")} | BY112: {=IF(OR((BY$110>=$BC$11:$BC$38)*(BY$48<=$BD$11:$BD$38)>0),$B112,"")} | BZ112: {=IF(OR((BZ$110>=$BC$11:$BC$38)*(BZ$48<=$BD$11:$BD$38)>0),$B112,"")} | CA112: {=IF(OR((CA$110>=$BC$11:$BC$38)*(CA$48<=$BD$11:$BD$38)>0),$B112,"")} | CB112: {=IF(OR((CB$110>=$BC$11:$BC$38)*(CB$48<=$BD$11:$BD$38)>0),$B112,"")} | CC112: {=IF(OR((CC$110>=$BC$11:$BC$38)*(CC$48<=$BD$11:$BD$38)>0),$B112,"")} | CD112: {=IF(OR((CD$110>=$BC$11:$BC$38)*(CD$48<=$BD$11:$BD$38)>0),$B112,"")} | ... CL112: {=IF(OR((CL$110>=$BC$11:$BC$38)*(CL$48<=$BD$11:$BD$38)>0),$B112,"")}
A114: POL | AK114: POL | BU114: POL
B115: Default | C115: =EOMONTH($A$1,-1) -> 46265 | D115: =C115+1 -> 46266 | E115: =D115+1 -> 46267 | F115: =E115+1 -> 46268 | G115: =F115+1 -> 46269 | H115: =G115+1 -> 46270 | I115: =H115+1 -> 46271 | J115: =I115+1 -> 46272 | K115: =J115+1 -> 46273 | ... AI115: =AH115+1 -> 46297 | AL115: Default | AM115: =EOMONTH($A$1,-1) -> 46265 | AN115: =AM115+1 -> 46266 | AO115: =AN115+1 -> 46267 | AP115: =AO115+1 -> 46268 | AQ115: =AP115+1 -> 46269 | AR115: =AQ115+1 -> 46270 | AS115: =AR115+1 -> 46271 | AT115: =AS115+1 -> 46272 | AU115: =AT115+1 -> 46273 | ... BS115: =BR115+1 -> 46297 | BV115: Default | BW115: =EOMONTH($A$1,-1) -> 46265 | BX115: =BW115+1 -> 46266 | BY115: =BX115+1 -> 46267 | BZ115: =BY115+1 -> 46268 | CA115: =BZ115+1 -> 46269 | CB115: =CA115+1 -> 46270 | CC115: =CB115+1 -> 46271 | CD115: =CC115+1 -> 46272 | CE115: =CD115+1 -> 46273 | ... DC115: =DB115+1 -> 46297
A116: Diesel | B116: 40l | C116: {=IF(OR((C$115>=$BE$11:$BE$38)*(C$48<=$BF$11:$BF$38)>0),$B116,"")} | D116: {=IF(OR((D$115>=$BE$11:$BE$38)*(D$48<=$BF$11:$BF$38)>0),$B116,"")} | E116: {=IF(OR((E$115>=$BE$11:$BE$38)*(E$48<=$BF$11:$BF$38)>0),$B116,"")} | F116: {=IF(OR((F$115>=$BE$11:$BE$38)*(F$48<=$BF$11:$BF$38)>0),$B116,"")} | G116: {=IF(OR((G$115>=$BE$11:$BE$38)*(G$48<=$BF$11:$BF$38)>0),$B116,"")} | H116: {=IF(OR((H$115>=$BE$11:$BE$38)*(H$48<=$BF$11:$BF$38)>0),$B116,"")} | I116: {=IF(OR((I$115>=$BE$11:$BE$38)*(I$48<=$BF$11:$BF$38)>0),$B116,"")} | J116: {=IF(OR((J$115>=$BE$11:$BE$38)*(J$48<=$BF$11:$BF$38)>0),$B116,"")} | ... T116: {=IF(OR((T$115>=$BE$11:$BE$38)*(T$48<=$BF$11:$BF$38)>0),$B116,"")} | W116: {=IF(OR((W$115>=$BE$11:$BE$38)*(W$48<=$BF$11:$BF$38)>0),$B116,"")} | X116: {=IF(OR((X$115>=$BE$11:$BE$38)*(X$48<=$BF$11:$BF$38)>0),$B116,"")} | Y116: {=IF(OR((Y$115>=$BE$11:$BE$38)*(Y$48<=$BF$11:$BF$38)>0),$B116,"")} | Z116: {=IF(OR((Z$115>=$BE$11:$BE$38)*(Z$48<=$BF$11:$BF$38)>0),$B116,"")} | AA116: {=IF(OR((AA$115>=$BE$11:$BE$38)*(AA$48<=$BF$11:$BF$38)>0),$B116,"")} | AB116: {=IF(OR((AB$115>=$BE$11:$BE$38)*(AB$48<=$BF$11:$BF$38)>0),$B116,"")} | AC116: {=IF(OR((AC$115>=$BE$11:$BE$38)*(AC$48<=$BF$11:$BF$38)>0),$B116,"")} | AD116: {=IF(OR((AD$115>=$BE$11:$BE$38)*(AD$48<=$BF$11:$BF$38)>0),$B116,"")} | ... AI116: {=IF(OR((AI$115>=$BE$11:$BE$38)*(AI$48<=$BF$11:$BF$38)>0),$B116,"")} | AK116: Diesel | AL116: 40l | AM116: {=IF(OR((AM$115>=$BE$11:$BE$38)*(AM$48<=$BF$11:$BF$38)>0),$B116,"")} | AN116: {=IF(OR((AN$115>=$BE$11:$BE$38)*(AN$48<=$BF$11:$BF$38)>0),$B116,"")} | AO116: {=IF(OR((AO$115>=$BE$11:$BE$38)*(AO$48<=$BF$11:$BF$38)>0),$B116,"")} | AP116: {=IF(OR((AP$115>=$BE$11:$BE$38)*(AP$48<=$BF$11:$BF$38)>0),$B116,"")} | AQ116: {=IF(OR((AQ$115>=$BE$11:$BE$38)*(AQ$48<=$BF$11:$BF$38)>0),$B116,"")} | AR116: {=IF(OR((AR$115>=$BE$11:$BE$38)*(AR$48<=$BF$11:$BF$38)>0),$B116,"")} | AS116: {=IF(OR((AS$115>=$BE$11:$BE$38)*(AS$48<=$BF$11:$BF$38)>0),$B116,"")} | AT116: {=IF(OR((AT$115>=$BE$11:$BE$38)*(AT$48<=$BF$11:$BF$38)>0),$B116,"")} | ... BD116: {=IF(OR((BD$115>=$BE$11:$BE$38)*(BD$48<=$BF$11:$BF$38)>0),$B116,"")} | BG116: {=IF(OR((BG$115>=$BE$11:$BE$38)*(BG$48<=$BF$11:$BF$38)>0),$B116,"")} | BH116: {=IF(OR((BH$115>=$BE$11:$BE$38)*(BH$48<=$BF$11:$BF$38)>0),$B116,"")} | BI116: {=IF(OR((BI$115>=$BE$11:$BE$38)*(BI$48<=$BF$11:$BF$38)>0),$B116,"")} | BJ116: {=IF(OR((BJ$115>=$BE$11:$BE$38)*(BJ$48<=$BF$11:$BF$38)>0),$B116,"")} | BK116: {=IF(OR((BK$115>=$BE$11:$BE$38)*(BK$48<=$BF$11:$BF$38)>0),$B116,"")} | BL116: {=IF(OR((BL$115>=$BE$11:$BE$38)*(BL$48<=$BF$11:$BF$38)>0),$B116,"")} | BM116: {=IF(OR((BM$115>=$BE$11:$BE$38)*(BM$48<=$BF$11:$BF$38)>0),$B116,"")} | BN116: {=IF(OR((BN$115>=$BE$11:$BE$38)*(BN$48<=$BF$11:$BF$38)>0),$B116,"")} | ... BS116: {=IF(OR((BS$115>=$BE$11:$BE$38)*(BS$48<=$BF$11:$BF$38)>0),$B116,"")} | BU116: Diesel | BV116: 40l | BW116: {=IF(OR((BW$115>=$BE$11:$BE$38)*(BW$48<=$BF$11:$BF$38)>0),$B116,"")} | BX116: {=IF(OR((BX$115>=$BE$11:$BE$38)*(BX$48<=$BF$11:$BF$38)>0),$B116,"")} | BY116: {=IF(OR((BY$115>=$BE$11:$BE$38)*(BY$48<=$BF$11:$BF$38)>0),$B116,"")} | BZ116: {=IF(OR((BZ$115>=$BE$11:$BE$38)*(BZ$48<=$BF$11:$BF$38)>0),$B116,"")} | CA116: {=IF(OR((CA$115>=$BE$11:$BE$38)*(CA$48<=$BF$11:$BF$38)>0),$B116,"")} | CB116: {=IF(OR((CB$115>=$BE$11:$BE$38)*(CB$48<=$BF$11:$BF$38)>0),$B116,"")} | CC116: {=IF(OR((CC$115>=$BE$11:$BE$38)*(CC$48<=$BF$11:$BF$38)>0),$B116,"")} | CD116: {=IF(OR((CD$115>=$BE$11:$BE$38)*(CD$48<=$BF$11:$BF$38)>0),$B116,"")} | ... CL116: {=IF(OR((CL$115>=$BE$11:$BE$38)*(CL$48<=$BF$11:$BF$38)>0),$B116,"")}
A117: Petrol 92 | B117: 0 | C117: {=IF(OR((C$115>=$BE$11:$BE$38)*(C$48<=$BF$11:$BF$38)>0),$B117,"")} | D117: {=IF(OR((D$115>=$BE$11:$BE$38)*(D$48<=$BF$11:$BF$38)>0),$B117,"")} | E117: {=IF(OR((E$115>=$BE$11:$BE$38)*(E$48<=$BF$11:$BF$38)>0),$B117,"")} | F117: {=IF(OR((F$115>=$BE$11:$BE$38)*(F$48<=$BF$11:$BF$38)>0),$B117,"")} | G117: {=IF(OR((G$115>=$BE$11:$BE$38)*(G$48<=$BF$11:$BF$38)>0),$B117,"")} | H117: {=IF(OR((H$115>=$BE$11:$BE$38)*(H$48<=$BF$11:$BF$38)>0),$B117,"")} | I117: {=IF(OR((I$115>=$BE$11:$BE$38)*(I$48<=$BF$11:$BF$38)>0),$B117,"")} | J117: {=IF(OR((J$115>=$BE$11:$BE$38)*(J$48<=$BF$11:$BF$38)>0),$B117,"")} | ... T117: {=IF(OR((T$115>=$BE$11:$BE$38)*(T$48<=$BF$11:$BF$38)>0),$B117,"")} | W117: {=IF(OR((W$115>=$BE$11:$BE$38)*(W$48<=$BF$11:$BF$38)>0),$B117,"")} | X117: {=IF(OR((X$115>=$BE$11:$BE$38)*(X$48<=$BF$11:$BF$38)>0),$B117,"")} | Y117: {=IF(OR((Y$115>=$BE$11:$BE$38)*(Y$48<=$BF$11:$BF$38)>0),$B117,"")} | Z117: {=IF(OR((Z$115>=$BE$11:$BE$38)*(Z$48<=$BF$11:$BF$38)>0),$B117,"")} | AA117: {=IF(OR((AA$115>=$BE$11:$BE$38)*(AA$48<=$BF$11:$BF$38)>0),$B117,"")} | AB117: {=IF(OR((AB$115>=$BE$11:$BE$38)*(AB$48<=$BF$11:$BF$38)>0),$B117,"")} | AC117: {=IF(OR((AC$115>=$BE$11:$BE$38)*(AC$48<=$BF$11:$BF$38)>0),$B117,"")} | AD117: {=IF(OR((AD$115>=$BE$11:$BE$38)*(AD$48<=$BF$11:$BF$38)>0),$B117,"")} | ... AI117: {=IF(OR((AI$115>=$BE$11:$BE$38)*(AI$48<=$BF$11:$BF$38)>0),$B117,"")} | AK117: Petrol 92 | AL117: 0 | AM117: {=IF(OR((AM$115>=$BE$11:$BE$38)*(AM$48<=$BF$11:$BF$38)>0),$B117,"")} | AN117: {=IF(OR((AN$115>=$BE$11:$BE$38)*(AN$48<=$BF$11:$BF$38)>0),$B117,"")} | AO117: {=IF(OR((AO$115>=$BE$11:$BE$38)*(AO$48<=$BF$11:$BF$38)>0),$B117,"")} | AP117: {=IF(OR((AP$115>=$BE$11:$BE$38)*(AP$48<=$BF$11:$BF$38)>0),$B117,"")} | AQ117: {=IF(OR((AQ$115>=$BE$11:$BE$38)*(AQ$48<=$BF$11:$BF$38)>0),$B117,"")} | AR117: {=IF(OR((AR$115>=$BE$11:$BE$38)*(AR$48<=$BF$11:$BF$38)>0),$B117,"")} | AS117: {=IF(OR((AS$115>=$BE$11:$BE$38)*(AS$48<=$BF$11:$BF$38)>0),$B117,"")} | AT117: {=IF(OR((AT$115>=$BE$11:$BE$38)*(AT$48<=$BF$11:$BF$38)>0),$B117,"")} | ... BD117: {=IF(OR((BD$115>=$BE$11:$BE$38)*(BD$48<=$BF$11:$BF$38)>0),$B117,"")} | BG117: {=IF(OR((BG$115>=$BE$11:$BE$38)*(BG$48<=$BF$11:$BF$38)>0),$B117,"")} | BH117: {=IF(OR((BH$115>=$BE$11:$BE$38)*(BH$48<=$BF$11:$BF$38)>0),$B117,"")} | BI117: {=IF(OR((BI$115>=$BE$11:$BE$38)*(BI$48<=$BF$11:$BF$38)>0),$B117,"")} | BJ117: {=IF(OR((BJ$115>=$BE$11:$BE$38)*(BJ$48<=$BF$11:$BF$38)>0),$B117,"")} | BK117: {=IF(OR((BK$115>=$BE$11:$BE$38)*(BK$48<=$BF$11:$BF$38)>0),$B117,"")} | BL117: {=IF(OR((BL$115>=$BE$11:$BE$38)*(BL$48<=$BF$11:$BF$38)>0),$B117,"")} | BM117: {=IF(OR((BM$115>=$BE$11:$BE$38)*(BM$48<=$BF$11:$BF$38)>0),$B117,"")} | BN117: {=IF(OR((BN$115>=$BE$11:$BE$38)*(BN$48<=$BF$11:$BF$38)>0),$B117,"")} | ... BS117: {=IF(OR((BS$115>=$BE$11:$BE$38)*(BS$48<=$BF$11:$BF$38)>0),$B117,"")} | BU117: Petrol 92 | BV117: 0 | BW117: {=IF(OR((BW$115>=$BE$11:$BE$38)*(BW$48<=$BF$11:$BF$38)>0),$B117,"")} | BX117: {=IF(OR((BX$115>=$BE$11:$BE$38)*(BX$48<=$BF$11:$BF$38)>0),$B117,"")} | BY117: {=IF(OR((BY$115>=$BE$11:$BE$38)*(BY$48<=$BF$11:$BF$38)>0),$B117,"")} | BZ117: {=IF(OR((BZ$115>=$BE$11:$BE$38)*(BZ$48<=$BF$11:$BF$38)>0),$B117,"")} | CA117: {=IF(OR((CA$115>=$BE$11:$BE$38)*(CA$48<=$BF$11:$BF$38)>0),$B117,"")} | CB117: {=IF(OR((CB$115>=$BE$11:$BE$38)*(CB$48<=$BF$11:$BF$38)>0),$B117,"")} | CC117: {=IF(OR((CC$115>=$BE$11:$BE$38)*(CC$48<=$BF$11:$BF$38)>0),$B117,"")} | CD117: {=IF(OR((CD$115>=$BE$11:$BE$38)*(CD$48<=$BF$11:$BF$38)>0),$B117,"")} | ... CL117: {=IF(OR((CL$115>=$BE$11:$BE$38)*(CL$48<=$BF$11:$BF$38)>0),$B117,"")}
A118: Petrol 95 | B118: 0 | C118: {=IF(OR((C$115>=$BE$11:$BE$38)*(C$48<=$BF$11:$BF$38)>0),$B118,"")} | D118: {=IF(OR((D$115>=$BE$11:$BE$38)*(D$48<=$BF$11:$BF$38)>0),$B118,"")} | E118: {=IF(OR((E$115>=$BE$11:$BE$38)*(E$48<=$BF$11:$BF$38)>0),$B118,"")} | F118: {=IF(OR((F$115>=$BE$11:$BE$38)*(F$48<=$BF$11:$BF$38)>0),$B118,"")} | G118: {=IF(OR((G$115>=$BE$11:$BE$38)*(G$48<=$BF$11:$BF$38)>0),$B118,"")} | H118: {=IF(OR((H$115>=$BE$11:$BE$38)*(H$48<=$BF$11:$BF$38)>0),$B118,"")} | I118: {=IF(OR((I$115>=$BE$11:$BE$38)*(I$48<=$BF$11:$BF$38)>0),$B118,"")} | J118: {=IF(OR((J$115>=$BE$11:$BE$38)*(J$48<=$BF$11:$BF$38)>0),$B118,"")} | ... T118: {=IF(OR((T$115>=$BE$11:$BE$38)*(T$48<=$BF$11:$BF$38)>0),$B118,"")} | W118: {=IF(OR((W$115>=$BE$11:$BE$38)*(W$48<=$BF$11:$BF$38)>0),$B118,"")} | X118: {=IF(OR((X$115>=$BE$11:$BE$38)*(X$48<=$BF$11:$BF$38)>0),$B118,"")} | Y118: {=IF(OR((Y$115>=$BE$11:$BE$38)*(Y$48<=$BF$11:$BF$38)>0),$B118,"")} | Z118: {=IF(OR((Z$115>=$BE$11:$BE$38)*(Z$48<=$BF$11:$BF$38)>0),$B118,"")} | AA118: {=IF(OR((AA$115>=$BE$11:$BE$38)*(AA$48<=$BF$11:$BF$38)>0),$B118,"")} | AB118: {=IF(OR((AB$115>=$BE$11:$BE$38)*(AB$48<=$BF$11:$BF$38)>0),$B118,"")} | AC118: {=IF(OR((AC$115>=$BE$11:$BE$38)*(AC$48<=$BF$11:$BF$38)>0),$B118,"")} | AD118: {=IF(OR((AD$115>=$BE$11:$BE$38)*(AD$48<=$BF$11:$BF$38)>0),$B118,"")} | ... AI118: {=IF(OR((AI$115>=$BE$11:$BE$38)*(AI$48<=$BF$11:$BF$38)>0),$B118,"")} | AK118: Petrol 95 | AL118: 0 | AM118: {=IF(OR((AM$115>=$BE$11:$BE$38)*(AM$48<=$BF$11:$BF$38)>0),$B118,"")} | AN118: {=IF(OR((AN$115>=$BE$11:$BE$38)*(AN$48<=$BF$11:$BF$38)>0),$B118,"")} | AO118: {=IF(OR((AO$115>=$BE$11:$BE$38)*(AO$48<=$BF$11:$BF$38)>0),$B118,"")} | AP118: {=IF(OR((AP$115>=$BE$11:$BE$38)*(AP$48<=$BF$11:$BF$38)>0),$B118,"")} | AQ118: {=IF(OR((AQ$115>=$BE$11:$BE$38)*(AQ$48<=$BF$11:$BF$38)>0),$B118,"")} | AR118: {=IF(OR((AR$115>=$BE$11:$BE$38)*(AR$48<=$BF$11:$BF$38)>0),$B118,"")} | AS118: {=IF(OR((AS$115>=$BE$11:$BE$38)*(AS$48<=$BF$11:$BF$38)>0),$B118,"")} | AT118: {=IF(OR((AT$115>=$BE$11:$BE$38)*(AT$48<=$BF$11:$BF$38)>0),$B118,"")} | ... BD118: {=IF(OR((BD$115>=$BE$11:$BE$38)*(BD$48<=$BF$11:$BF$38)>0),$B118,"")} | BG118: {=IF(OR((BG$115>=$BE$11:$BE$38)*(BG$48<=$BF$11:$BF$38)>0),$B118,"")} | BH118: {=IF(OR((BH$115>=$BE$11:$BE$38)*(BH$48<=$BF$11:$BF$38)>0),$B118,"")} | BI118: {=IF(OR((BI$115>=$BE$11:$BE$38)*(BI$48<=$BF$11:$BF$38)>0),$B118,"")} | BJ118: {=IF(OR((BJ$115>=$BE$11:$BE$38)*(BJ$48<=$BF$11:$BF$38)>0),$B118,"")} | BK118: {=IF(OR((BK$115>=$BE$11:$BE$38)*(BK$48<=$BF$11:$BF$38)>0),$B118,"")} | BL118: {=IF(OR((BL$115>=$BE$11:$BE$38)*(BL$48<=$BF$11:$BF$38)>0),$B118,"")} | BM118: {=IF(OR((BM$115>=$BE$11:$BE$38)*(BM$48<=$BF$11:$BF$38)>0),$B118,"")} | BN118: {=IF(OR((BN$115>=$BE$11:$BE$38)*(BN$48<=$BF$11:$BF$38)>0),$B118,"")} | ... BS118: {=IF(OR((BS$115>=$BE$11:$BE$38)*(BS$48<=$BF$11:$BF$38)>0),$B118,"")} | BU118: Petrol 95 | BV118: 0 | BW118: {=IF(OR((BW$115>=$BE$11:$BE$38)*(BW$48<=$BF$11:$BF$38)>0),$B118,"")} | BX118: {=IF(OR((BX$115>=$BE$11:$BE$38)*(BX$48<=$BF$11:$BF$38)>0),$B118,"")} | BY118: {=IF(OR((BY$115>=$BE$11:$BE$38)*(BY$48<=$BF$11:$BF$38)>0),$B118,"")} | BZ118: {=IF(OR((BZ$115>=$BE$11:$BE$38)*(BZ$48<=$BF$11:$BF$38)>0),$B118,"")} | CA118: {=IF(OR((CA$115>=$BE$11:$BE$38)*(CA$48<=$BF$11:$BF$38)>0),$B118,"")} | CB118: {=IF(OR((CB$115>=$BE$11:$BE$38)*(CB$48<=$BF$11:$BF$38)>0),$B118,"")} | CC118: {=IF(OR((CC$115>=$BE$11:$BE$38)*(CC$48<=$BF$11:$BF$38)>0),$B118,"")} | CD118: {=IF(OR((CD$115>=$BE$11:$BE$38)*(CD$48<=$BF$11:$BF$38)>0),$B118,"")} | ... CL118: {=IF(OR((CL$115>=$BE$11:$BE$38)*(CL$48<=$BF$11:$BF$38)>0),$B118,"")}
A119: Petrol 98 | B119: 0 | C119: {=IF(OR((C$115>=$BE$11:$BE$38)*(C$48<=$BF$11:$BF$38)>0),$B119,"")} | D119: {=IF(OR((D$115>=$BE$11:$BE$38)*(D$48<=$BF$11:$BF$38)>0),$B119,"")} | E119: {=IF(OR((E$115>=$BE$11:$BE$38)*(E$48<=$BF$11:$BF$38)>0),$B119,"")} | F119: {=IF(OR((F$115>=$BE$11:$BE$38)*(F$48<=$BF$11:$BF$38)>0),$B119,"")} | G119: {=IF(OR((G$115>=$BE$11:$BE$38)*(G$48<=$BF$11:$BF$38)>0),$B119,"")} | H119: {=IF(OR((H$115>=$BE$11:$BE$38)*(H$48<=$BF$11:$BF$38)>0),$B119,"")} | I119: {=IF(OR((I$115>=$BE$11:$BE$38)*(I$48<=$BF$11:$BF$38)>0),$B119,"")} | J119: {=IF(OR((J$115>=$BE$11:$BE$38)*(J$48<=$BF$11:$BF$38)>0),$B119,"")} | ... T119: {=IF(OR((T$115>=$BE$11:$BE$38)*(T$48<=$BF$11:$BF$38)>0),$B119,"")} | W119: {=IF(OR((W$115>=$BE$11:$BE$38)*(W$48<=$BF$11:$BF$38)>0),$B119,"")} | X119: {=IF(OR((X$115>=$BE$11:$BE$38)*(X$48<=$BF$11:$BF$38)>0),$B119,"")} | Y119: {=IF(OR((Y$115>=$BE$11:$BE$38)*(Y$48<=$BF$11:$BF$38)>0),$B119,"")} | Z119: {=IF(OR((Z$115>=$BE$11:$BE$38)*(Z$48<=$BF$11:$BF$38)>0),$B119,"")} | AA119: {=IF(OR((AA$115>=$BE$11:$BE$38)*(AA$48<=$BF$11:$BF$38)>0),$B119,"")} | AB119: {=IF(OR((AB$115>=$BE$11:$BE$38)*(AB$48<=$BF$11:$BF$38)>0),$B119,"")} | AC119: {=IF(OR((AC$115>=$BE$11:$BE$38)*(AC$48<=$BF$11:$BF$38)>0),$B119,"")} | AD119: {=IF(OR((AD$115>=$BE$11:$BE$38)*(AD$48<=$BF$11:$BF$38)>0),$B119,"")} | ... AI119: {=IF(OR((AI$115>=$BE$11:$BE$38)*(AI$48<=$BF$11:$BF$38)>0),$B119,"")} | AK119: Petrol 98 | AL119: 0 | AM119: {=IF(OR((AM$115>=$BE$11:$BE$38)*(AM$48<=$BF$11:$BF$38)>0),$B119,"")} | AN119: {=IF(OR((AN$115>=$BE$11:$BE$38)*(AN$48<=$BF$11:$BF$38)>0),$B119,"")} | AO119: {=IF(OR((AO$115>=$BE$11:$BE$38)*(AO$48<=$BF$11:$BF$38)>0),$B119,"")} | AP119: {=IF(OR((AP$115>=$BE$11:$BE$38)*(AP$48<=$BF$11:$BF$38)>0),$B119,"")} | AQ119: {=IF(OR((AQ$115>=$BE$11:$BE$38)*(AQ$48<=$BF$11:$BF$38)>0),$B119,"")} | AR119: {=IF(OR((AR$115>=$BE$11:$BE$38)*(AR$48<=$BF$11:$BF$38)>0),$B119,"")} | AS119: {=IF(OR((AS$115>=$BE$11:$BE$38)*(AS$48<=$BF$11:$BF$38)>0),$B119,"")} | AT119: {=IF(OR((AT$115>=$BE$11:$BE$38)*(AT$48<=$BF$11:$BF$38)>0),$B119,"")} | ... BD119: {=IF(OR((BD$115>=$BE$11:$BE$38)*(BD$48<=$BF$11:$BF$38)>0),$B119,"")} | BG119: {=IF(OR((BG$115>=$BE$11:$BE$38)*(BG$48<=$BF$11:$BF$38)>0),$B119,"")} | BH119: {=IF(OR((BH$115>=$BE$11:$BE$38)*(BH$48<=$BF$11:$BF$38)>0),$B119,"")} | BI119: {=IF(OR((BI$115>=$BE$11:$BE$38)*(BI$48<=$BF$11:$BF$38)>0),$B119,"")} | BJ119: {=IF(OR((BJ$115>=$BE$11:$BE$38)*(BJ$48<=$BF$11:$BF$38)>0),$B119,"")} | BK119: {=IF(OR((BK$115>=$BE$11:$BE$38)*(BK$48<=$BF$11:$BF$38)>0),$B119,"")} | BL119: {=IF(OR((BL$115>=$BE$11:$BE$38)*(BL$48<=$BF$11:$BF$38)>0),$B119,"")} | BM119: {=IF(OR((BM$115>=$BE$11:$BE$38)*(BM$48<=$BF$11:$BF$38)>0),$B119,"")} | BN119: {=IF(OR((BN$115>=$BE$11:$BE$38)*(BN$48<=$BF$11:$BF$38)>0),$B119,"")} | ... BS119: {=IF(OR((BS$115>=$BE$11:$BE$38)*(BS$48<=$BF$11:$BF$38)>0),$B119,"")} | BU119: Petrol 98 | BV119: 0 | BW119: {=IF(OR((BW$115>=$BE$11:$BE$38)*(BW$48<=$BF$11:$BF$38)>0),$B119,"")} | BX119: {=IF(OR((BX$115>=$BE$11:$BE$38)*(BX$48<=$BF$11:$BF$38)>0),$B119,"")} | BY119: {=IF(OR((BY$115>=$BE$11:$BE$38)*(BY$48<=$BF$11:$BF$38)>0),$B119,"")} | BZ119: {=IF(OR((BZ$115>=$BE$11:$BE$38)*(BZ$48<=$BF$11:$BF$38)>0),$B119,"")} | CA119: {=IF(OR((CA$115>=$BE$11:$BE$38)*(CA$48<=$BF$11:$BF$38)>0),$B119,"")} | CB119: {=IF(OR((CB$115>=$BE$11:$BE$38)*(CB$48<=$BF$11:$BF$38)>0),$B119,"")} | CC119: {=IF(OR((CC$115>=$BE$11:$BE$38)*(CC$48<=$BF$11:$BF$38)>0),$B119,"")} | CD119: {=IF(OR((CD$115>=$BE$11:$BE$38)*(CD$48<=$BF$11:$BF$38)>0),$B119,"")} | ... CL119: {=IF(OR((CL$115>=$BE$11:$BE$38)*(CL$48<=$BF$11:$BF$38)>0),$B119,"")}

Sheet (Fill In) Stores 
A1: 46113
AN2: Signals | AQ2: Optics | AS2: ACMS | AU2: UOCE | AW2: Heartlanders | AY2: PANTES | BA2: Heli | BC2: MMR | BE2: POL
A3: ACMS
B4: Default | C4: =EOMONTH($A$1,-1) -> 46112 | D4: =C4+1 -> 46113 | E4: =D4+1 -> 46114 | F4: =E4+1 -> 46115 | G4: =F4+1 -> 46116 | H4: =G4+1 -> 46117 | I4: =H4+1 -> 46118 | J4: =I4+1 -> 46119 | K4: =J4+1 -> 46120 | ... AI4: =AH4+1 -> 46144
A5: Basic Fighting System | B5: 12 | C5: {=IF(OR((C$4>=$AS$11:$AS$74)*(C$4<=$AT$11:$AT$74)>0),$B5,"")} | D5: {=IF(OR((D$4>=$AS$11:$AS$74)*(D$4<=$AT$11:$AT$74)>0),$B5,"")} | E5: {=IF(OR((E$4>=$AS$11:$AS$74)*(E$4<=$AT$11:$AT$74)>0),$B5,"")} | F5: {=IF(OR((F$4>=$AS$11:$AS$74)*(F$4<=$AT$11:$AT$74)>0),$B5,"")} | G5: {=IF(OR((G$4>=$AS$11:$AS$74)*(G$4<=$AT$11:$AT$74)>0),$B5,"")} | H5: {=IF(OR((H$4>=$AS$11:$AS$74)*(H$4<=$AT$11:$AT$74)>0),$B5,"")} | I5: {=IF(OR((I$4>=$AS$11:$AS$74)*(I$4<=$AT$11:$AT$74)>0),$B5,"")} | J5: {=IF(OR((J$4>=$AS$11:$AS$74)*(J$4<=$AT$11:$AT$74)>0),$B5,"")} | ... AI5: {=IF(OR((AI$4>=$AS$11:$AS$74)*(AI$4<=$AT$11:$AT$74)>0),$B5,"")}
A6: Commander Enhancement Addon | B6: 12 | C6: {=IF(OR((C$4>=$AS$11:$AS$74)*(C$4<=$AT$11:$AT$74)>0),$B6,"")} | D6: {=IF(OR((D$4>=$AS$11:$AS$74)*(D$4<=$AT$11:$AT$74)>0),$B6,"")} | E6: {=IF(OR((E$4>=$AS$11:$AS$74)*(E$4<=$AT$11:$AT$74)>0),$B6,"")} | F6: {=IF(OR((F$4>=$AS$11:$AS$74)*(F$4<=$AT$11:$AT$74)>0),$B6,"")} | G6: {=IF(OR((G$4>=$AS$11:$AS$74)*(G$4<=$AT$11:$AT$74)>0),$B6,"")} | H6: {=IF(OR((H$4>=$AS$11:$AS$74)*(H$4<=$AT$11:$AT$74)>0),$B6,"")} | I6: {=IF(OR((I$4>=$AS$11:$AS$74)*(I$4<=$AT$11:$AT$74)>0),$B6,"")} | J6: {=IF(OR((J$4>=$AS$11:$AS$74)*(J$4<=$AT$11:$AT$74)>0),$B6,"")} | ... AI6: {=IF(OR((AI$4>=$AS$11:$AS$74)*(AI$4<=$AT$11:$AT$74)>0),$B6,"")}
A7: SAR21 MMS | B7: 12 | C7: {=IF(OR((C$4>=$AS$11:$AS$74)*(C$4<=$AT$11:$AT$74)>0),$B7,"")} | D7: {=IF(OR((D$4>=$AS$11:$AS$74)*(D$4<=$AT$11:$AT$74)>0),$B7,"")} | E7: {=IF(OR((E$4>=$AS$11:$AS$74)*(E$4<=$AT$11:$AT$74)>0),$B7,"")} | F7: {=IF(OR((F$4>=$AS$11:$AS$74)*(F$4<=$AT$11:$AT$74)>0),$B7,"")} | G7: {=IF(OR((G$4>=$AS$11:$AS$74)*(G$4<=$AT$11:$AT$74)>0),$B7,"")} | H7: {=IF(OR((H$4>=$AS$11:$AS$74)*(H$4<=$AT$11:$AT$74)>0),$B7,"")} | I7: {=IF(OR((I$4>=$AS$11:$AS$74)*(I$4<=$AT$11:$AT$74)>0),$B7,"")} | J7: {=IF(OR((J$4>=$AS$11:$AS$74)*(J$4<=$AT$11:$AT$74)>0),$B7,"")} | ... AI7: {=IF(OR((AI$4>=$AS$11:$AS$74)*(AI$4<=$AT$11:$AT$74)>0),$B7,"")}
A8: UMPC | B8: 12 | C8: {=IF(OR((C$4>=$AS$11:$AS$74)*(C$4<=$AT$11:$AT$74)>0),$B8,"")} | D8: {=IF(OR((D$4>=$AS$11:$AS$74)*(D$4<=$AT$11:$AT$74)>0),$B8,"")} | E8: {=IF(OR((E$4>=$AS$11:$AS$74)*(E$4<=$AT$11:$AT$74)>0),$B8,"")} | F8: {=IF(OR((F$4>=$AS$11:$AS$74)*(F$4<=$AT$11:$AT$74)>0),$B8,"")} | G8: {=IF(OR((G$4>=$AS$11:$AS$74)*(G$4<=$AT$11:$AT$74)>0),$B8,"")} | H8: {=IF(OR((H$4>=$AS$11:$AS$74)*(H$4<=$AT$11:$AT$74)>0),$B8,"")} | I8: {=IF(OR((I$4>=$AS$11:$AS$74)*(I$4<=$AT$11:$AT$74)>0),$B8,"")} | J8: {=IF(OR((J$4>=$AS$11:$AS$74)*(J$4<=$AT$11:$AT$74)>0),$B8,"")} | ... AI8: {=IF(OR((AI$4>=$AS$11:$AS$74)*(AI$4<=$AT$11:$AT$74)>0),$B8,"")}
A9: IMS/HHPC | B9: 4 | C9: {=IF(OR((C$4>=$AS$11:$AS$74)*(C$4<=$AT$11:$AT$74)>0),$B9,"")} | D9: {=IF(OR((D$4>=$AS$11:$AS$74)*(D$4<=$AT$11:$AT$74)>0),$B9,"")} | E9: {=IF(OR((E$4>=$AS$11:$AS$74)*(E$4<=$AT$11:$AT$74)>0),$B9,"")} | F9: {=IF(OR((F$4>=$AS$11:$AS$74)*(F$4<=$AT$11:$AT$74)>0),$B9,"")} | G9: {=IF(OR((G$4>=$AS$11:$AS$74)*(G$4<=$AT$11:$AT$74)>0),$B9,"")} | H9: {=IF(OR((H$4>=$AS$11:$AS$74)*(H$4<=$AT$11:$AT$74)>0),$B9,"")} | I9: {=IF(OR((I$4>=$AS$11:$AS$74)*(I$4<=$AT$11:$AT$74)>0),$B9,"")} | J9: {=IF(OR((J$4>=$AS$11:$AS$74)*(J$4<=$AT$11:$AT$74)>0),$B9,"")} | ... AI9: {=IF(OR((AI$4>=$AS$11:$AS$74)*(AI$4<=$AT$11:$AT$74)>0),$B9,"")}
A10: HHPC JUNCTION BOX BATTERY | B10: 4 | C10: {=IF(OR((C$4>=$AS$11:$AS$74)*(C$4<=$AT$11:$AT$74)>0),$B10,"")} | D10: {=IF(OR((D$4>=$AS$11:$AS$74)*(D$4<=$AT$11:$AT$74)>0),$B10,"")} | E10: {=IF(OR((E$4>=$AS$11:$AS$74)*(E$4<=$AT$11:$AT$74)>0),$B10,"")} | F10: {=IF(OR((F$4>=$AS$11:$AS$74)*(F$4<=$AT$11:$AT$74)>0),$B10,"")} | G10: {=IF(OR((G$4>=$AS$11:$AS$74)*(G$4<=$AT$11:$AT$74)>0),$B10,"")} | H10: {=IF(OR((H$4>=$AS$11:$AS$74)*(H$4<=$AT$11:$AT$74)>0),$B10,"")} | I10: {=IF(OR((I$4>=$AS$11:$AS$74)*(I$4<=$AT$11:$AT$74)>0),$B10,"")} | J10: {=IF(OR((J$4>=$AS$11:$AS$74)*(J$4<=$AT$11:$AT$74)>0),$B10,"")} | ... AI10: {=IF(OR((AI$4>=$AS$11:$AS$74)*(AI$4<=$AT$11:$AT$74)>0),$B10,"")} | AM10: Conduct | AN10: start | AO10: end | AP10: Conduct | AQ10: start | AR10: end | AS10: start | AT10: end | AU10: start | AV10: end | AW10: start | AX10: end | AY10: start | AZ10: end | BA10: start | BB10: end | BC10: start | BD10: end | BE10: start | BF10: end
A11: HHPC BATT | B11: 8 | C11: {=IF(OR((C$4>=$AS$11:$AS$74)*(C$4<=$AT$11:$AT$74)>0),$B11,"")} | D11: {=IF(OR((D$4>=$AS$11:$AS$74)*(D$4<=$AT$11:$AT$74)>0),$B11,"")} | E11: {=IF(OR((E$4>=$AS$11:$AS$74)*(E$4<=$AT$11:$AT$74)>0),$B11,"")} | F11: {=IF(OR((F$4>=$AS$11:$AS$74)*(F$4<=$AT$11:$AT$74)>0),$B11,"")} | G11: {=IF(OR((G$4>=$AS$11:$AS$74)*(G$4<=$AT$11:$AT$74)>0),$B11,"")} | H11: {=IF(OR((H$4>=$AS$11:$AS$74)*(H$4<=$AT$11:$AT$74)>0),$B11,"")} | I11: {=IF(OR((I$4>=$AS$11:$AS$74)*(I$4<=$AT$11:$AT$74)>0),$B11,"")} | J11: {=IF(OR((J$4>=$AS$11:$AS$74)*(J$4<=$AT$11:$AT$74)>0),$B11,"")} | ... AI11: {=IF(OR((AI$4>=$AS$11:$AS$74)*(AI$4<=$AT$11:$AT$74)>0),$B11,"")} | AK11: Instances | AL11: 1 | AM11: {=IFERROR(OFFSET('[1](Fill In) SIAO'!$A$1,SMALL(IF(Signals="Y",ROW(Signals)),AL11)-1,COLUMN(Conducts)-1),"")} | AN11: {=IFERROR(OFFSET('[1](Fill In) SIAO'!$A$1,SMALL(IF(Signals="Y",ROW(Signals)),AL11)-1,COLUMN(StartDate)-1),"")} | AO11: {=IFERROR(OFFSET('[1](Fill In) SIAO'!$A$1,SMALL(IF(Signals="Y",ROW(Signals)),AL11)-1,COLUMN(EndDate)-1),"")} | AP11: {=IFERROR(OFFSET('[1](Fill In) SIAO'!$A$1,SMALL(IF(Optics="Y",ROW(Optics)),AL11)-1,COLUMN(Conducts)-1),"")} | AQ11: {=IFERROR(OFFSET('[1](Fill In) SIAO'!$A$1,SMALL(IF(Optics="Y",ROW(Optics)),AL11)-1,COLUMN(StartDate)-1),"")} | AR11: {=IFERROR(OFFSET('[1](Fill In) SIAO'!$A$1,SMALL(IF(Optics="Y",ROW(Optics)),AL11)-1,COLUMN(EndDate)-1),"")} | AS11: {=IFERROR(OFFSET('[1](Fill In) SIAO'!$A$1,SMALL(IF(ATMS="Y",ROW(ATMS)),AL11)-1,COLUMN(StartDate)-1),"")} | AT11: {=IFERROR(OFFSET('[1](Fill In) SIAO'!$A$1,SMALL(IF(ATMS="Y",ROW(ATMS)),AL11)-1,COLUMN(EndDate)-1),"")} | AU11: {=IFERROR(OFFSET('[1](Fill In) SIAO'!$A$1,SMALL(IF(UO="Y",ROW(UO)),AL11)-1,COLUMN(StartDate)-1),"")} | AV11: {=IFERROR(OFFSET('[1](Fill In) SIAO'!$A$1,SMALL(IF(UO="Y",ROW(UO)),AL11)-1,COLUMN(EndDate)-1),"")} | AW11: {=IFERROR(OFFSET('[1](Fill In) SIAO'!$A$1,SMALL(IF(HLT="Y",ROW(HLT)),AL11)-1,COLUMN(StartDate)-1),"")} | AX11: {=IFERROR(OFFSET('[1](Fill In) SIAO'!$A$1,SMALL(IF(HLT="Y",ROW(HLT)),AL11)-1,COLUMN(EndDate)-1),"")} | AY11: {=IFERROR(OFFSET('[1](Fill In) SIAO'!$A$1,SMALL(IF(PANTES="Y",ROW(PANTES)),AL11)-1,COLUMN(StartDate)-1),"")} | AZ11: {=IFERROR(OFFSET('[1](Fill In) SIAO'!$A$1,SMALL(IF(PANTES="Y",ROW(PANTES)),AL11)-1,COLUMN(EndDate)-1),"")} | BA11: {=IFERROR(OFFSET('[1](Fill In) SIAO'!$A$1,SMALL(IF(Heli="Y",ROW(Heli)),AL11)-1,COLUMN(StartDate)-1),"")} | BB11: {=IFERROR(OFFSET('[1](Fill In) SIAO'!$A$1,SMALL(IF(Heli="Y",ROW(Heli)),AL11)-1,COLUMN(EndDate)-1),"")} | BC11: {=IFERROR(OFFSET('[1](Fill In) SIAO'!$A$1,SMALL(IF(MMR="Y",ROW(MMR)),AL11)-1,COLUMN(StartDate)-1),"")} | BD11: {=IFERROR(OFFSET('[1](Fill In) SIAO'!$A$1,SMALL(IF(MMR="Y",ROW(MMR)),AL11)-1,COLUMN(EndDate)-1),"")} | BE11: {=IFERROR(OFFSET('[1](Fill In) SIAO'!$A$1,SMALL(IF(POL="Y",ROW(POL)),AL11)-1,COLUMN(StartDate)-1),"")} | BF11: {=IFERROR(OFFSET('[1](Fill In) SIAO'!$A$1,SMALL(IF(POL="Y",ROW(POL)),AL11)-1,COLUMN(EndDate)-1),"")}
A12: UMPC BATT | B12: 24 | C12: {=IF(OR((C$4>=$AS$11:$AS$74)*(C$4<=$AT$11:$AT$74)>0),$B12,"")} | D12: {=IF(OR((D$4>=$AS$11:$AS$74)*(D$4<=$AT$11:$AT$74)>0),$B12,"")} | E12: {=IF(OR((E$4>=$AS$11:$AS$74)*(E$4<=$AT$11:$AT$74)>0),$B12,"")} | F12: {=IF(OR((F$4>=$AS$11:$AS$74)*(F$4<=$AT$11:$AT$74)>0),$B12,"")} | G12: {=IF(OR((G$4>=$AS$11:$AS$74)*(G$4<=$AT$11:$AT$74)>0),$B12,"")} | H12: {=IF(OR((H$4>=$AS$11:$AS$74)*(H$4<=$AT$11:$AT$74)>0),$B12,"")} | I12: {=IF(OR((I$4>=$AS$11:$AS$74)*(I$4<=$AT$11:$AT$74)>0),$B12,"")} | J12: {=IF(OR((J$4>=$AS$11:$AS$74)*(J$4<=$AT$11:$AT$74)>0),$B12,"")} | ... AI12: {=IF(OR((AI$4>=$AS$11:$AS$74)*(AI$4<=$AT$11:$AT$74)>0),$B12,"")} | AL12: 2 | AM12: {=IFERROR(OFFSET('[1](Fill In) SIAO'!$A$1,SMALL(IF(Signals="Y",ROW(Signals)),AL12)-1,COLUMN(Conducts)-1),"")} | AN12: {=IFERROR(OFFSET('[1](Fill In) SIAO'!$A$1,SMALL(IF(Signals="Y",ROW(Signals)),AL12)-1,COLUMN(StartDate)-1),"")} | AO12: {=IFERROR(OFFSET('[1](Fill In) SIAO'!$A$1,SMALL(IF(Signals="Y",ROW(Signals)),AL12)-1,COLUMN(EndDate)-1),"")} | AP12: {=IFERROR(OFFSET('[1](Fill In) SIAO'!$A$1,SMALL(IF(Optics="Y",ROW(Optics)),AL12)-1,COLUMN(Conducts)-1),"")} | AQ12: {=IFERROR(OFFSET('[1](Fill In) SIAO'!$A$1,SMALL(IF(Optics="Y",ROW(Optics)),AL12)-1,COLUMN(StartDate)-1),"")} | AR12: {=IFERROR(OFFSET('[1](Fill In) SIAO'!$A$1,SMALL(IF(Optics="Y",ROW(Optics)),AL12)-1,COLUMN(EndDate)-1),"")} | AS12: {=IFERROR(OFFSET('[1](Fill In) SIAO'!$A$1,SMALL(IF(ATMS="Y",ROW(ATMS)),AL12)-1,COLUMN(StartDate)-1),"")} | AT12: {=IFERROR(OFFSET('[1](Fill In) SIAO'!$A$1,SMALL(IF(ATMS="Y",ROW(ATMS)),AL12)-1,COLUMN(EndDate)-1),"")} | AU12: {=IFERROR(OFFSET('[1](Fill In) SIAO'!$A$1,SMALL(IF(UO="Y",ROW(UO)),AL12)-1,COLUMN(StartDate)-1),"")} | AV12: {=IFERROR(OFFSET('[1](Fill In) SIAO'!$A$1,SMALL(IF(UO="Y",ROW(UO)),AL12)-1,COLUMN(EndDate)-1),"")} | AW12: {=IFERROR(OFFSET('[1](Fill In) SIAO'!$A$1,SMALL(IF(HLT="Y",ROW(HLT)),AL12)-1,COLUMN(StartDate)-1),"")} | AX12: {=IFERROR(OFFSET('[1](Fill In) SIAO'!$A$1,SMALL(IF(HLT="Y",ROW(HLT)),AL12)-1,COLUMN(EndDate)-1),"")} | AY12: {=IFERROR(OFFSET('[1](Fill In) SIAO'!$A$1,SMALL(IF(PANTES="Y",ROW(PANTES)),AL12)-1,COLUMN(StartDate)-1),"")} | AZ12: {=IFERROR(OFFSET('[1](Fill In) SIAO'!$A$1,SMALL(IF(PANTES="Y",ROW(PANTES)),AL12)-1,COLUMN(EndDate)-1),"")} | BA12: {=IFERROR(OFFSET('[1](Fill In) SIAO'!$A$1,SMALL(IF(Heli="Y",ROW(Heli)),AL12)-1,COLUMN(StartDate)-1),"")} | BB12: {=IFERROR(OFFSET('[1](Fill In) SIAO'!$A$1,SMALL(IF(Heli="Y",ROW(Heli)),AL12)-1,COLUMN(EndDate)-1),"")} | BC12: {=IFERROR(OFFSET('[1](Fill In) SIAO'!$A$1,SMALL(IF(MMR="Y",ROW(MMR)),AL12)-1,COLUMN(StartDate)-1),"")} | BD12: {=IFERROR(OFFSET('[1](Fill In) SIAO'!$A$1,SMALL(IF(MMR="Y",ROW(MMR)),AL12)-1,COLUMN(EndDate)-1),"")} | BE12: {=IFERROR(OFFSET('[1](Fill In) SIAO'!$A$1,SMALL(IF(POL="Y",ROW(POL)),AL12)-1,COLUMN(StartDate)-1),"")} | BF12: {=IFERROR(OFFSET('[1](Fill In) SIAO'!$A$1,SMALL(IF(POL="Y",ROW(POL)),AL12)-1,COLUMN(EndDate)-1),"")}
A13: BFS/CEA BATT | B13: 24 | C13: {=IF(OR((C$4>=$AS$11:$AS$74)*(C$4<=$AT$11:$AT$74)>0),$B13,"")} | D13: {=IF(OR((D$4>=$AS$11:$AS$74)*(D$4<=$AT$11:$AT$74)>0),$B13,"")} | E13: {=IF(OR((E$4>=$AS$11:$AS$74)*(E$4<=$AT$11:$AT$74)>0),$B13,"")} | F13: {=IF(OR((F$4>=$AS$11:$AS$74)*(F$4<=$AT$11:$AT$74)>0),$B13,"")} | G13: {=IF(OR((G$4>=$AS$11:$AS$74)*(G$4<=$AT$11:$AT$74)>0),$B13,"")} | H13: {=IF(OR((H$4>=$AS$11:$AS$74)*(H$4<=$AT$11:$AT$74)>0),$B13,"")} | I13: {=IF(OR((I$4>=$AS$11:$AS$74)*(I$4<=$AT$11:$AT$74)>0),$B13,"")} | J13: {=IF(OR((J$4>=$AS$11:$AS$74)*(J$4<=$AT$11:$AT$74)>0),$B13,"")} | ... AI13: {=IF(OR((AI$4>=$AS$11:$AS$74)*(AI$4<=$AT$11:$AT$74)>0),$B13,"")} | AL13: 3 | AM13: {=IFERROR(OFFSET('[1](Fill In) SIAO'!$A$1,SMALL(IF(Signals="Y",ROW(Signals)),AL13)-1,COLUMN(Conducts)-1),"")} | AN13: {=IFERROR(OFFSET('[1](Fill In) SIAO'!$A$1,SMALL(IF(Signals="Y",ROW(Signals)),AL13)-1,COLUMN(StartDate)-1),"")} | AO13: {=IFERROR(OFFSET('[1](Fill In) SIAO'!$A$1,SMALL(IF(Signals="Y",ROW(Signals)),AL13)-1,COLUMN(EndDate)-1),"")} | AP13: {=IFERROR(OFFSET('[1](Fill In) SIAO'!$A$1,SMALL(IF(Optics="Y",ROW(Optics)),AL13)-1,COLUMN(Conducts)-1),"")} | AQ13: {=IFERROR(OFFSET('[1](Fill In) SIAO'!$A$1,SMALL(IF(Optics="Y",ROW(Optics)),AL13)-1,COLUMN(StartDate)-1),"")} | AR13: {=IFERROR(OFFSET('[1](Fill In) SIAO'!$A$1,SMALL(IF(Optics="Y",ROW(Optics)),AL13)-1,COLUMN(EndDate)-1),"")} | AS13: {=IFERROR(OFFSET('[1](Fill In) SIAO'!$A$1,SMALL(IF(ATMS="Y",ROW(ATMS)),AL13)-1,COLUMN(StartDate)-1),"")} | AT13: {=IFERROR(OFFSET('[1](Fill In) SIAO'!$A$1,SMALL(IF(ATMS="Y",ROW(ATMS)),AL13)-1,COLUMN(EndDate)-1),"")} | AU13: {=IFERROR(OFFSET('[1](Fill In) SIAO'!$A$1,SMALL(IF(UO="Y",ROW(UO)),AL13)-1,COLUMN(StartDate)-1),"")} | AV13: {=IFERROR(OFFSET('[1](Fill In) SIAO'!$A$1,SMALL(IF(UO="Y",ROW(UO)),AL13)-1,COLUMN(EndDate)-1),"")} | AW13: {=IFERROR(OFFSET('[1](Fill In) SIAO'!$A$1,SMALL(IF(HLT="Y",ROW(HLT)),AL13)-1,COLUMN(StartDate)-1),"")} | AX13: {=IFERROR(OFFSET('[1](Fill In) SIAO'!$A$1,SMALL(IF(HLT="Y",ROW(HLT)),AL13)-1,COLUMN(EndDate)-1),"")} | AY13: {=IFERROR(OFFSET('[1](Fill In) SIAO'!$A$1,SMALL(IF(PANTES="Y",ROW(PANTES)),AL13)-1,COLUMN(StartDate)-1),"")} | AZ13: {=IFERROR(OFFSET('[1](Fill In) SIAO'!$A$1,SMALL(IF(PANTES="Y",ROW(PANTES)),AL13)-1,COLUMN(EndDate)-1),"")} | BA13: {=IFERROR(OFFSET('[1](Fill In) SIAO'!$A$1,SMALL(IF(Heli="Y",ROW(Heli)),AL13)-1,COLUMN(StartDate)-1),"")} | BB13: {=IFERROR(OFFSET('[1](Fill In) SIAO'!$A$1,SMALL(IF(Heli="Y",ROW(Heli)),AL13)-1,COLUMN(EndDate)-1),"")} | BC13: {=IFERROR(OFFSET('[1](Fill In) SIAO'!$A$1,SMALL(IF(MMR="Y",ROW(MMR)),AL13)-1,COLUMN(StartDate)-1),"")} | BD13: {=IFERROR(OFFSET('[1](Fill In) SIAO'!$A$1,SMALL(IF(MMR="Y",ROW(MMR)),AL13)-1,COLUMN(EndDate)-1),"")} | BE13: {=IFERROR(OFFSET('[1](Fill In) SIAO'!$A$1,SMALL(IF(POL="Y",ROW(POL)),AL13)-1,COLUMN(StartDate)-1),"")} | BF13: {=IFERROR(OFFSET('[1](Fill In) SIAO'!$A$1,SMALL(IF(POL="Y",ROW(POL)),AL13)-1,COLUMN(EndDate)-1),"")}
AL14: 4 | AM14: {=IFERROR(OFFSET('[1](Fill In) SIAO'!$A$1,SMALL(IF(Signals="Y",ROW(Signals)),AL14)-1,COLUMN(Conducts)-1),"")} | AN14: {=IFERROR(OFFSET('[1](Fill In) SIAO'!$A$1,SMALL(IF(Signals="Y",ROW(Signals)),AL14)-1,COLUMN(StartDate)-1),"")} | AO14: {=IFERROR(OFFSET('[1](Fill In) SIAO'!$A$1,SMALL(IF(Signals="Y",ROW(Signals)),AL14)-1,COLUMN(EndDate)-1),"")} | AP14: {=IFERROR(OFFSET('[1](Fill In) SIAO'!$A$1,SMALL(IF(Optics="Y",ROW(Optics)),AL14)-1,COLUMN(Conducts)-1),"")} | AQ14: {=IFERROR(OFFSET('[1](Fill In) SIAO'!$A$1,SMALL(IF(Optics="Y",ROW(Optics)),AL14)-1,COLUMN(StartDate)-1),"")} | AR14: {=IFERROR(OFFSET('[1](Fill In) SIAO'!$A$1,SMALL(IF(Optics="Y",ROW(Optics)),AL14)-1,COLUMN(EndDate)-1),"")} | AS14: {=IFERROR(OFFSET('[1](Fill In) SIAO'!$A$1,SMALL(IF(ATMS="Y",ROW(ATMS)),AL14)-1,COLUMN(StartDate)-1),"")} | AT14: {=IFERROR(OFFSET('[1](Fill In) SIAO'!$A$1,SMALL(IF(ATMS="Y",ROW(ATMS)),AL14)-1,COLUMN(EndDate)-1),"")} | AU14: {=IFERROR(OFFSET('[1](Fill In) SIAO'!$A$1,SMALL(IF(UO="Y",ROW(UO)),AL14)-1,COLUMN(StartDate)-1),"")} | AV14: {=IFERROR(OFFSET('[1](Fill In) SIAO'!$A$1,SMALL(IF(UO="Y",ROW(UO)),AL14)-1,COLUMN(EndDate)-1),"")} | AW14: {=IFERROR(OFFSET('[1](Fill In) SIAO'!$A$1,SMALL(IF(HLT="Y",ROW(HLT)),AL14)-1,COLUMN(StartDate)-1),"")} | AX14: {=IFERROR(OFFSET('[1](Fill In) SIAO'!$A$1,SMALL(IF(HLT="Y",ROW(HLT)),AL14)-1,COLUMN(EndDate)-1),"")} | AY14: {=IFERROR(OFFSET('[1](Fill In) SIAO'!$A$1,SMALL(IF(PANTES="Y",ROW(PANTES)),AL14)-1,COLUMN(StartDate)-1),"")} | AZ14: {=IFERROR(OFFSET('[1](Fill In) SIAO'!$A$1,SMALL(IF(PANTES="Y",ROW(PANTES)),AL14)-1,COLUMN(EndDate)-1),"")} | BA14: {=IFERROR(OFFSET('[1](Fill In) SIAO'!$A$1,SMALL(IF(Heli="Y",ROW(Heli)),AL14)-1,COLUMN(StartDate)-1),"")} | BB14: {=IFERROR(OFFSET('[1](Fill In) SIAO'!$A$1,SMALL(IF(Heli="Y",ROW(Heli)),AL14)-1,COLUMN(EndDate)-1),"")} | BC14: {=IFERROR(OFFSET('[1](Fill In) SIAO'!$A$1,SMALL(IF(MMR="Y",ROW(MMR)),AL14)-1,COLUMN(StartDate)-1),"")} | BD14: {=IFERROR(OFFSET('[1](Fill In) SIAO'!$A$1,SMALL(IF(MMR="Y",ROW(MMR)),AL14)-1,COLUMN(EndDate)-1),"")} | BE14: {=IFERROR(OFFSET('[1](Fill In) SIAO'!$A$1,SMALL(IF(POL="Y",ROW(POL)),AL14)-1,COLUMN(StartDate)-1),"")} | BF14: {=IFERROR(OFFSET('[1](Fill In) SIAO'!$A$1,SMALL(IF(POL="Y",ROW(POL)),AL14)-1,COLUMN(EndDate)-1),"")}
A15: UOCE | AL15: 5 | AM15: {=IFERROR(OFFSET('[1](Fill In) SIAO'!$A$1,SMALL(IF(Signals="Y",ROW(Signals)),AL15)-1,COLUMN(Conducts)-1),"")} | AN15: {=IFERROR(OFFSET('[1](Fill In) SIAO'!$A$1,SMALL(IF(Signals="Y",ROW(Signals)),AL15)-1,COLUMN(StartDate)-1),"")} | AO15: {=IFERROR(OFFSET('[1](Fill In) SIAO'!$A$1,SMALL(IF(Signals="Y",ROW(Signals)),AL15)-1,COLUMN(EndDate)-1),"")} | AP15: {=IFERROR(OFFSET('[1](Fill In) SIAO'!$A$1,SMALL(IF(Optics="Y",ROW(Optics)),AL15)-1,COLUMN(Conducts)-1),"")} | AQ15: {=IFERROR(OFFSET('[1](Fill In) SIAO'!$A$1,SMALL(IF(Optics="Y",ROW(Optics)),AL15)-1,COLUMN(StartDate)-1),"")} | AR15: {=IFERROR(OFFSET('[1](Fill In) SIAO'!$A$1,SMALL(IF(Optics="Y",ROW(Optics)),AL15)-1,COLUMN(EndDate)-1),"")} | AS15: {=IFERROR(OFFSET('[1](Fill In) SIAO'!$A$1,SMALL(IF(ATMS="Y",ROW(ATMS)),AL15)-1,COLUMN(StartDate)-1),"")} | AT15: {=IFERROR(OFFSET('[1](Fill In) SIAO'!$A$1,SMALL(IF(ATMS="Y",ROW(ATMS)),AL15)-1,COLUMN(EndDate)-1),"")} | AU15: {=IFERROR(OFFSET('[1](Fill In) SIAO'!$A$1,SMALL(IF(UO="Y",ROW(UO)),AL15)-1,COLUMN(StartDate)-1),"")} | AV15: {=IFERROR(OFFSET('[1](Fill In) SIAO'!$A$1,SMALL(IF(UO="Y",ROW(UO)),AL15)-1,COLUMN(EndDate)-1),"")} | AW15: {=IFERROR(OFFSET('[1](Fill In) SIAO'!$A$1,SMALL(IF(HLT="Y",ROW(HLT)),AL15)-1,COLUMN(StartDate)-1),"")} | AX15: {=IFERROR(OFFSET('[1](Fill In) SIAO'!$A$1,SMALL(IF(HLT="Y",ROW(HLT)),AL15)-1,COLUMN(EndDate)-1),"")} | AY15: {=IFERROR(OFFSET('[1](Fill In) SIAO'!$A$1,SMALL(IF(PANTES="Y",ROW(PANTES)),AL15)-1,COLUMN(StartDate)-1),"")} | AZ15: {=IFERROR(OFFSET('[1](Fill In) SIAO'!$A$1,SMALL(IF(PANTES="Y",ROW(PANTES)),AL15)-1,COLUMN(EndDate)-1),"")} | BA15: {=IFERROR(OFFSET('[1](Fill In) SIAO'!$A$1,SMALL(IF(Heli="Y",ROW(Heli)),AL15)-1,COLUMN(StartDate)-1),"")} | BB15: {=IFERROR(OFFSET('[1](Fill In) SIAO'!$A$1,SMALL(IF(Heli="Y",ROW(Heli)),AL15)-1,COLUMN(EndDate)-1),"")} | BC15: {=IFERROR(OFFSET('[1](Fill In) SIAO'!$A$1,SMALL(IF(MMR="Y",ROW(MMR)),AL15)-1,COLUMN(StartDate)-1),"")} | BD15: {=IFERROR(OFFSET('[1](Fill In) SIAO'!$A$1,SMALL(IF(MMR="Y",ROW(MMR)),AL15)-1,COLUMN(EndDate)-1),"")} | BE15: {=IFERROR(OFFSET('[1](Fill In) SIAO'!$A$1,SMALL(IF(POL="Y",ROW(POL)),AL15)-1,COLUMN(StartDate)-1),"")} | BF15: {=IFERROR(OFFSET('[1](Fill In) SIAO'!$A$1,SMALL(IF(POL="Y",ROW(POL)),AL15)-1,COLUMN(EndDate)-1),"")}
B16: Default | C16: =EOMONTH($A$1,-1) -> 46112 | D16: =C16+1 -> 46113 | E16: =D16+1 -> 46114 | F16: =E16+1 -> 46115 | G16: =F16+1 -> 46116 | H16: =G16+1 -> 46117 | I16: =H16+1 -> 46118 | J16: =I16+1 -> 46119 | K16: =J16+1 -> 46120 | ... AI16: =AH16+1 -> 46144 | AL16: 6 | AM16: {=IFERROR(OFFSET('[1](Fill In) SIAO'!$A$1,SMALL(IF(Signals="Y",ROW(Signals)),AL16)-1,COLUMN(Conducts)-1),"")} | AN16: {=IFERROR(OFFSET('[1](Fill In) SIAO'!$A$1,SMALL(IF(Signals="Y",ROW(Signals)),AL16)-1,COLUMN(StartDate)-1),"")} | AO16: {=IFERROR(OFFSET('[1](Fill In) SIAO'!$A$1,SMALL(IF(Signals="Y",ROW(Signals)),AL16)-1,COLUMN(EndDate)-1),"")} | AP16: {=IFERROR(OFFSET('[1](Fill In) SIAO'!$A$1,SMALL(IF(Optics="Y",ROW(Optics)),AL16)-1,COLUMN(Conducts)-1),"")} | AQ16: {=IFERROR(OFFSET('[1](Fill In) SIAO'!$A$1,SMALL(IF(Optics="Y",ROW(Optics)),AL16)-1,COLUMN(StartDate)-1),"")} | AR16: {=IFERROR(OFFSET('[1](Fill In) SIAO'!$A$1,SMALL(IF(Optics="Y",ROW(Optics)),AL16)-1,COLUMN(EndDate)-1),"")} | AS16: {=IFERROR(OFFSET('[1](Fill In) SIAO'!$A$1,SMALL(IF(ATMS="Y",ROW(ATMS)),AL16)-1,COLUMN(StartDate)-1),"")} | AT16: {=IFERROR(OFFSET('[1](Fill In) SIAO'!$A$1,SMALL(IF(ATMS="Y",ROW(ATMS)),AL16)-1,COLUMN(EndDate)-1),"")} | AU16: {=IFERROR(OFFSET('[1](Fill In) SIAO'!$A$1,SMALL(IF(UO="Y",ROW(UO)),AL16)-1,COLUMN(StartDate)-1),"")} | AV16: {=IFERROR(OFFSET('[1](Fill In) SIAO'!$A$1,SMALL(IF(UO="Y",ROW(UO)),AL16)-1,COLUMN(EndDate)-1),"")} | AW16: {=IFERROR(OFFSET('[1](Fill In) SIAO'!$A$1,SMALL(IF(HLT="Y",ROW(HLT)),AL16)-1,COLUMN(StartDate)-1),"")} | AX16: {=IFERROR(OFFSET('[1](Fill In) SIAO'!$A$1,SMALL(IF(HLT="Y",ROW(HLT)),AL16)-1,COLUMN(EndDate)-1),"")} | AY16: {=IFERROR(OFFSET('[1](Fill In) SIAO'!$A$1,SMALL(IF(PANTES="Y",ROW(PANTES)),AL16)-1,COLUMN(StartDate)-1),"")} | AZ16: {=IFERROR(OFFSET('[1](Fill In) SIAO'!$A$1,SMALL(IF(PANTES="Y",ROW(PANTES)),AL16)-1,COLUMN(EndDate)-1),"")} | BA16: {=IFERROR(OFFSET('[1](Fill In) SIAO'!$A$1,SMALL(IF(Heli="Y",ROW(Heli)),AL16)-1,COLUMN(StartDate)-1),"")} | BB16: {=IFERROR(OFFSET('[1](Fill In) SIAO'!$A$1,SMALL(IF(Heli="Y",ROW(Heli)),AL16)-1,COLUMN(EndDate)-1),"")} | BC16: {=IFERROR(OFFSET('[1](Fill In) SIAO'!$A$1,SMALL(IF(MMR="Y",ROW(MMR)),AL16)-1,COLUMN(StartDate)-1),"")} | BD16: {=IFERROR(OFFSET('[1](Fill In) SIAO'!$A$1,SMALL(IF(MMR="Y",ROW(MMR)),AL16)-1,COLUMN(EndDate)-1),"")} | BE16: {=IFERROR(OFFSET('[1](Fill In) SIAO'!$A$1,SMALL(IF(POL="Y",ROW(POL)),AL16)-1,COLUMN(StartDate)-1),"")} | BF16: {=IFERROR(OFFSET('[1](Fill In) SIAO'!$A$1,SMALL(IF(POL="Y",ROW(POL)),AL16)-1,COLUMN(EndDate)-1),"")}
A17: KEYHOLE SENSOR | B17: 12 | C17: {=IF(OR((C$4>=$AS$11:$AS$74)*(C$4<=$AT$11:$AT$74)>0),$B17,"")} | D17: {=IF(OR((D$4>=$AS$11:$AS$74)*(D$4<=$AT$11:$AT$74)>0),$B17,"")} | E17: {=IF(OR((E$4>=$AS$11:$AS$74)*(E$4<=$AT$11:$AT$74)>0),$B17,"")} | F17: {=IF(OR((F$4>=$AS$11:$AS$74)*(F$4<=$AT$11:$AT$74)>0),$B17,"")} | G17: {=IF(OR((G$4>=$AS$11:$AS$74)*(G$4<=$AT$11:$AT$74)>0),$B17,"")} | H17: {=IF(OR((H$4>=$AS$11:$AS$74)*(H$4<=$AT$11:$AT$74)>0),$B17,"")} | I17: {=IF(OR((I$4>=$AS$11:$AS$74)*(I$4<=$AT$11:$AT$74)>0),$B17,"")} | J17: {=IF(OR((J$4>=$AS$11:$AS$74)*(J$4<=$AT$11:$AT$74)>0),$B17,"")} | K17: {=IF(OR((K$4>=$AS$11:$AS$74)*(K$4<=$AT$11:$AT$74)>0),$B17,"")} | L17: 12 | M17: 12 | N17: 12 | O17: 12 | P17: 12 | Q17: 12 | R17: 12 | S17: 12 | T17: 12 | U17: 12 | V17: 12 | W17: 12 | X17: 12 | Y17: {=IF(OR((Y$4>=$AS$11:$AS$74)*(Y$4<=$AT$11:$AT$74)>0),$B17,"")} | Z17: {=IF(OR((Z$4>=$AS$11:$AS$74)*(Z$4<=$AT$11:$AT$74)>0),$B17,"")} | AA17: {=IF(OR((AA$4>=$AS$11:$AS$74)*(AA$4<=$AT$11:$AT$74)>0),$B17,"")} | AF17: {=IF(OR((AF$4>=$AS$11:$AS$74)*(AF$4<=$AT$11:$AT$74)>0),$B17,"")} | AL17: 7 | AM17: {=IFERROR(OFFSET('[1](Fill In) SIAO'!$A$1,SMALL(IF(Signals="Y",ROW(Signals)),AL17)-1,COLUMN(Conducts)-1),"")} | AN17: {=IFERROR(OFFSET('[1](Fill In) SIAO'!$A$1,SMALL(IF(Signals="Y",ROW(Signals)),AL17)-1,COLUMN(StartDate)-1),"")} | AO17: {=IFERROR(OFFSET('[1](Fill In) SIAO'!$A$1,SMALL(IF(Signals="Y",ROW(Signals)),AL17)-1,COLUMN(EndDate)-1),"")} | AP17: {=IFERROR(OFFSET('[1](Fill In) SIAO'!$A$1,SMALL(IF(Optics="Y",ROW(Optics)),AL17)-1,COLUMN(Conducts)-1),"")} | AQ17: {=IFERROR(OFFSET('[1](Fill In) SIAO'!$A$1,SMALL(IF(Optics="Y",ROW(Optics)),AL17)-1,COLUMN(StartDate)-1),"")} | AR17: {=IFERROR(OFFSET('[1](Fill In) SIAO'!$A$1,SMALL(IF(Optics="Y",ROW(Optics)),AL17)-1,COLUMN(EndDate)-1),"")} | AS17: {=IFERROR(OFFSET('[1](Fill In) SIAO'!$A$1,SMALL(IF(ATMS="Y",ROW(ATMS)),AL17)-1,COLUMN(StartDate)-1),"")} | AT17: {=IFERROR(OFFSET('[1](Fill In) SIAO'!$A$1,SMALL(IF(ATMS="Y",ROW(ATMS)),AL17)-1,COLUMN(EndDate)-1),"")} | AU17: {=IFERROR(OFFSET('[1](Fill In) SIAO'!$A$1,SMALL(IF(UO="Y",ROW(UO)),AL17)-1,COLUMN(StartDate)-1),"")} | AV17: {=IFERROR(OFFSET('[1](Fill In) SIAO'!$A$1,SMALL(IF(UO="Y",ROW(UO)),AL17)-1,COLUMN(EndDate)-1),"")} | AW17: {=IFERROR(OFFSET('[1](Fill In) SIAO'!$A$1,SMALL(IF(HLT="Y",ROW(HLT)),AL17)-1,COLUMN(StartDate)-1),"")} | AX17: {=IFERROR(OFFSET('[1](Fill In) SIAO'!$A$1,SMALL(IF(HLT="Y",ROW(HLT)),AL17)-1,COLUMN(EndDate)-1),"")} | AY17: {=IFERROR(OFFSET('[1](Fill In) SIAO'!$A$1,SMALL(IF(PANTES="Y",ROW(PANTES)),AL17)-1,COLUMN(StartDate)-1),"")} | AZ17: {=IFERROR(OFFSET('[1](Fill In) SIAO'!$A$1,SMALL(IF(PANTES="Y",ROW(PANTES)),AL17)-1,COLUMN(EndDate)-1),"")} | BA17: {=IFERROR(OFFSET('[1](Fill In) SIAO'!$A$1,SMALL(IF(Heli="Y",ROW(Heli)),AL17)-1,COLUMN(StartDate)-1),"")} | BB17: {=IFERROR(OFFSET('[1](Fill In) SIAO'!$A$1,SMALL(IF(Heli="Y",ROW(Heli)),AL17)-1,COLUMN(EndDate)-1),"")} | BC17: {=IFERROR(OFFSET('[1](Fill In) SIAO'!$A$1,SMALL(IF(MMR="Y",ROW(MMR)),AL17)-1,COLUMN(StartDate)-1),"")} | BD17: {=IFERROR(OFFSET('[1](Fill In) SIAO'!$A$1,SMALL(IF(MMR="Y",ROW(MMR)),AL17)-1,COLUMN(EndDate)-1),"")} | BE17: {=IFERROR(OFFSET('[1](Fill In) SIAO'!$A$1,SMALL(IF(POL="Y",ROW(POL)),AL17)-1,COLUMN(StartDate)-1),"")} | BF17: {=IFERROR(OFFSET('[1](Fill In) SIAO'!$A$1,SMALL(IF(POL="Y",ROW(POL)),AL17)-1,COLUMN(EndDate)-1),"")}
A18: TACTICAL THROWING SENSOR | B18: 12 | C18: {=IF(OR((C$4>=$AS$11:$AS$74)*(C$4<=$AT$11:$AT$74)>0),$B18,"")} | D18: {=IF(OR((D$4>=$AS$11:$AS$74)*(D$4<=$AT$11:$AT$74)>0),$B18,"")} | E18: {=IF(OR((E$4>=$AS$11:$AS$74)*(E$4<=$AT$11:$AT$74)>0),$B18,"")} | F18: {=IF(OR((F$4>=$AS$11:$AS$74)*(F$4<=$AT$11:$AT$74)>0),$B18,"")} | G18: {=IF(OR((G$4>=$AS$11:$AS$74)*(G$4<=$AT$11:$AT$74)>0),$B18,"")} | H18: {=IF(OR((H$4>=$AS$11:$AS$74)*(H$4<=$AT$11:$AT$74)>0),$B18,"")} | I18: {=IF(OR((I$4>=$AS$11:$AS$74)*(I$4<=$AT$11:$AT$74)>0),$B18,"")} | J18: {=IF(OR((J$4>=$AS$11:$AS$74)*(J$4<=$AT$11:$AT$74)>0),$B18,"")} | K18: {=IF(OR((K$4>=$AS$11:$AS$74)*(K$4<=$AT$11:$AT$74)>0),$B18,"")} | L18: 12 | M18: 12 | N18: 12 | O18: 12 | P18: 12 | Q18: 12 | R18: 12 | S18: 12 | T18: 12 | U18: 12 | V18: 12 | W18: 12 | X18: 12 | Y18: {=IF(OR((Y$4>=$AS$11:$AS$74)*(Y$4<=$AT$11:$AT$74)>0),$B18,"")} | Z18: {=IF(OR((Z$4>=$AS$11:$AS$74)*(Z$4<=$AT$11:$AT$74)>0),$B18,"")} | AA18: {=IF(OR((AA$4>=$AS$11:$AS$74)*(AA$4<=$AT$11:$AT$74)>0),$B18,"")} | AC18: {=IF(OR((AC$4>=$AS$11:$AS$74)*(AC$4<=$AT$11:$AT$74)>0),$B18,"")} | AD18: {=IF(OR((AD$4>=$AS$11:$AS$74)*(AD$4<=$AT$11:$AT$74)>0),$B18,"")} | AE18: {=IF(OR((AE$4>=$AS$11:$AS$74)*(AE$4<=$AT$11:$AT$74)>0),$B18,"")} | AF18: {=IF(OR((AF$4>=$AS$11:$AS$74)*(AF$4<=$AT$11:$AT$74)>0),$B18,"")} | AG18: {=IF(OR((AG$4>=$AS$11:$AS$74)*(AG$4<=$AT$11:$AT$74)>0),$B18,"")} | AH18: {=IF(OR((AH$4>=$AS$11:$AS$74)*(AH$4<=$AT$11:$AT$74)>0),$B18,"")} | AI18: {=IF(OR((AI$4>=$AS$11:$AS$74)*(AI$4<=$AT$11:$AT$74)>0),$B18,"")} | AL18: 8 | AM18: {=IFERROR(OFFSET('[1](Fill In) SIAO'!$A$1,SMALL(IF(Signals="Y",ROW(Signals)),AL18)-1,COLUMN(Conducts)-1),"")} | AN18: {=IFERROR(OFFSET('[1](Fill In) SIAO'!$A$1,SMALL(IF(Signals="Y",ROW(Signals)),AL18)-1,COLUMN(StartDate)-1),"")} | AO18: {=IFERROR(OFFSET('[1](Fill In) SIAO'!$A$1,SMALL(IF(Signals="Y",ROW(Signals)),AL18)-1,COLUMN(EndDate)-1),"")} | AP18: {=IFERROR(OFFSET('[1](Fill In) SIAO'!$A$1,SMALL(IF(Optics="Y",ROW(Optics)),AL18)-1,COLUMN(Conducts)-1),"")} | AQ18: {=IFERROR(OFFSET('[1](Fill In) SIAO'!$A$1,SMALL(IF(Optics="Y",ROW(Optics)),AL18)-1,COLUMN(StartDate)-1),"")} | AR18: {=IFERROR(OFFSET('[1](Fill In) SIAO'!$A$1,SMALL(IF(Optics="Y",ROW(Optics)),AL18)-1,COLUMN(EndDate)-1),"")} | AS18: {=IFERROR(OFFSET('[1](Fill In) SIAO'!$A$1,SMALL(IF(ATMS="Y",ROW(ATMS)),AL18)-1,COLUMN(StartDate)-1),"")} | AT18: {=IFERROR(OFFSET('[1](Fill In) SIAO'!$A$1,SMALL(IF(ATMS="Y",ROW(ATMS)),AL18)-1,COLUMN(EndDate)-1),"")} | AU18: {=IFERROR(OFFSET('[1](Fill In) SIAO'!$A$1,SMALL(IF(UO="Y",ROW(UO)),AL18)-1,COLUMN(StartDate)-1),"")} | AV18: {=IFERROR(OFFSET('[1](Fill In) SIAO'!$A$1,SMALL(IF(UO="Y",ROW(UO)),AL18)-1,COLUMN(EndDate)-1),"")} | AW18: {=IFERROR(OFFSET('[1](Fill In) SIAO'!$A$1,SMALL(IF(HLT="Y",ROW(HLT)),AL18)-1,COLUMN(StartDate)-1),"")} | AX18: {=IFERROR(OFFSET('[1](Fill In) SIAO'!$A$1,SMALL(IF(HLT="Y",ROW(HLT)),AL18)-1,COLUMN(EndDate)-1),"")} | AY18: {=IFERROR(OFFSET('[1](Fill In) SIAO'!$A$1,SMALL(IF(PANTES="Y",ROW(PANTES)),AL18)-1,COLUMN(StartDate)-1),"")} | AZ18: {=IFERROR(OFFSET('[1](Fill In) SIAO'!$A$1,SMALL(IF(PANTES="Y",ROW(PANTES)),AL18)-1,COLUMN(EndDate)-1),"")} | BA18: {=IFERROR(OFFSET('[1](Fill In) SIAO'!$A$1,SMALL(IF(Heli="Y",ROW(Heli)),AL18)-1,COLUMN(StartDate)-1),"")} | BB18: {=IFERROR(OFFSET('[1](Fill In) SIAO'!$A$1,SMALL(IF(Heli="Y",ROW(Heli)),AL18)-1,COLUMN(EndDate)-1),"")} | BC18: {=IFERROR(OFFSET('[1](Fill In) SIAO'!$A$1,SMALL(IF(MMR="Y",ROW(MMR)),AL18)-1,COLUMN(StartDate)-1),"")} | BD18: {=IFERROR(OFFSET('[1](Fill In) SIAO'!$A$1,SMALL(IF(MMR="Y",ROW(MMR)),AL18)-1,COLUMN(EndDate)-1),"")} | BE18: {=IFERROR(OFFSET('[1](Fill In) SIAO'!$A$1,SMALL(IF(POL="Y",ROW(POL)),AL18)-1,COLUMN(StartDate)-1),"")} | BF18: {=IFERROR(OFFSET('[1](Fill In) SIAO'!$A$1,SMALL(IF(POL="Y",ROW(POL)),AL18)-1,COLUMN(EndDate)-1),"")}
A19: FORWARD SENSOR SYSTEM | B19: 4 | C19: {=IF(OR((C$4>=$AS$11:$AS$74)*(C$4<=$AT$11:$AT$74)>0),$B19,"")} | D19: {=IF(OR((D$4>=$AS$11:$AS$74)*(D$4<=$AT$11:$AT$74)>0),$B19,"")} | E19: {=IF(OR((E$4>=$AS$11:$AS$74)*(E$4<=$AT$11:$AT$74)>0),$B19,"")} | F19: {=IF(OR((F$4>=$AS$11:$AS$74)*(F$4<=$AT$11:$AT$74)>0),$B19,"")} | G19: {=IF(OR((G$4>=$AS$11:$AS$74)*(G$4<=$AT$11:$AT$74)>0),$B19,"")} | H19: {=IF(OR((H$4>=$AS$11:$AS$74)*(H$4<=$AT$11:$AT$74)>0),$B19,"")} | I19: {=IF(OR((I$4>=$AS$11:$AS$74)*(I$4<=$AT$11:$AT$74)>0),$B19,"")} | J19: {=IF(OR((J$4>=$AS$11:$AS$74)*(J$4<=$AT$11:$AT$74)>0),$B19,"")} | K19: {=IF(OR((K$4>=$AS$11:$AS$74)*(K$4<=$AT$11:$AT$74)>0),$B19,"")} | L19: 4 | M19: 4 | N19: 4 | O19: 4 | P19: 4 | Q19: 4 | R19: 4 | S19: 4 | T19: 4 | U19: 4 | V19: 4 | W19: 4 | X19: 4 | Y19: {=IF(OR((Y$4>=$AS$11:$AS$74)*(Y$4<=$AT$11:$AT$74)>0),$B19,"")} | Z19: {=IF(OR((Z$4>=$AS$11:$AS$74)*(Z$4<=$AT$11:$AT$74)>0),$B19,"")} | AA19: {=IF(OR((AA$4>=$AS$11:$AS$74)*(AA$4<=$AT$11:$AT$74)>0),$B19,"")} | AC19: {=IF(OR((AC$4>=$AS$11:$AS$74)*(AC$4<=$AT$11:$AT$74)>0),$B19,"")} | AD19: {=IF(OR((AD$4>=$AS$11:$AS$74)*(AD$4<=$AT$11:$AT$74)>0),$B19,"")} | AE19: {=IF(OR((AE$4>=$AS$11:$AS$74)*(AE$4<=$AT$11:$AT$74)>0),$B19,"")} | AF19: {=IF(OR((AF$4>=$AS$11:$AS$74)*(AF$4<=$AT$11:$AT$74)>0),$B19,"")} | AG19: {=IF(OR((AG$4>=$AS$11:$AS$74)*(AG$4<=$AT$11:$AT$74)>0),$B19,"")} | AH19: {=IF(OR((AH$4>=$AS$11:$AS$74)*(AH$4<=$AT$11:$AT$74)>0),$B19,"")} | AI19: {=IF(OR((AI$4>=$AS$11:$AS$74)*(AI$4<=$AT$11:$AT$74)>0),$B19,"")} | AL19: 9 | AM19: {=IFERROR(OFFSET('[1](Fill In) SIAO'!$A$1,SMALL(IF(Signals="Y",ROW(Signals)),AL19)-1,COLUMN(Conducts)-1),"")} | AN19: {=IFERROR(OFFSET('[1](Fill In) SIAO'!$A$1,SMALL(IF(Signals="Y",ROW(Signals)),AL19)-1,COLUMN(StartDate)-1),"")} | AO19: {=IFERROR(OFFSET('[1](Fill In) SIAO'!$A$1,SMALL(IF(Signals="Y",ROW(Signals)),AL19)-1,COLUMN(EndDate)-1),"")} | AP19: {=IFERROR(OFFSET('[1](Fill In) SIAO'!$A$1,SMALL(IF(Optics="Y",ROW(Optics)),AL19)-1,COLUMN(Conducts)-1),"")} | AQ19: {=IFERROR(OFFSET('[1](Fill In) SIAO'!$A$1,SMALL(IF(Optics="Y",ROW(Optics)),AL19)-1,COLUMN(StartDate)-1),"")} | AR19: {=IFERROR(OFFSET('[1](Fill In) SIAO'!$A$1,SMALL(IF(Optics="Y",ROW(Optics)),AL19)-1,COLUMN(EndDate)-1),"")} | AS19: {=IFERROR(OFFSET('[1](Fill In) SIAO'!$A$1,SMALL(IF(ATMS="Y",ROW(ATMS)),AL19)-1,COLUMN(StartDate)-1),"")} | AT19: {=IFERROR(OFFSET('[1](Fill In) SIAO'!$A$1,SMALL(IF(ATMS="Y",ROW(ATMS)),AL19)-1,COLUMN(EndDate)-1),"")} | AU19: {=IFERROR(OFFSET('[1](Fill In) SIAO'!$A$1,SMALL(IF(UO="Y",ROW(UO)),AL19)-1,COLUMN(StartDate)-1),"")} | AV19: {=IFERROR(OFFSET('[1](Fill In) SIAO'!$A$1,SMALL(IF(UO="Y",ROW(UO)),AL19)-1,COLUMN(EndDate)-1),"")} | AW19: {=IFERROR(OFFSET('[1](Fill In) SIAO'!$A$1,SMALL(IF(HLT="Y",ROW(HLT)),AL19)-1,COLUMN(StartDate)-1),"")} | AX19: {=IFERROR(OFFSET('[1](Fill In) SIAO'!$A$1,SMALL(IF(HLT="Y",ROW(HLT)),AL19)-1,COLUMN(EndDate)-1),"")} | AY19: {=IFERROR(OFFSET('[1](Fill In) SIAO'!$A$1,SMALL(IF(PANTES="Y",ROW(PANTES)),AL19)-1,COLUMN(StartDate)-1),"")} | AZ19: {=IFERROR(OFFSET('[1](Fill In) SIAO'!$A$1,SMALL(IF(PANTES="Y",ROW(PANTES)),AL19)-1,COLUMN(EndDate)-1),"")} | BA19: {=IFERROR(OFFSET('[1](Fill In) SIAO'!$A$1,SMALL(IF(Heli="Y",ROW(Heli)),AL19)-1,COLUMN(StartDate)-1),"")} | BB19: {=IFERROR(OFFSET('[1](Fill In) SIAO'!$A$1,SMALL(IF(Heli="Y",ROW(Heli)),AL19)-1,COLUMN(EndDate)-1),"")} | BC19: {=IFERROR(OFFSET('[1](Fill In) SIAO'!$A$1,SMALL(IF(MMR="Y",ROW(MMR)),AL19)-1,COLUMN(StartDate)-1),"")} | BD19: {=IFERROR(OFFSET('[1](Fill In) SIAO'!$A$1,SMALL(IF(MMR="Y",ROW(MMR)),AL19)-1,COLUMN(EndDate)-1),"")} | BE19: {=IFERROR(OFFSET('[1](Fill In) SIAO'!$A$1,SMALL(IF(POL="Y",ROW(POL)),AL19)-1,COLUMN(StartDate)-1),"")} | BF19: {=IFERROR(OFFSET('[1](Fill In) SIAO'!$A$1,SMALL(IF(POL="Y",ROW(POL)),AL19)-1,COLUMN(EndDate)-1),"")}
